zoom_level,alternative,avg_time_in_seconds,number_of_samples,leader_threshold,subleader_threshold,avg_leader_time,leaders,subleaders,example
1,left,8.344802999999956e-05,233,1.5,1.49,0.006467514329999999,1,1,[5.0; 9.0]; [757523835.5; 1515047671.0]
1,left,6.199344000000106e-05,233,1.5,1.49,0.006467514329999999,1,1,[5.0; 9.0]; [757523835.5; 1515047671.0]
1,left,4.489355000000028e-05,233,1.5,1.49,0.006467514329999999,1,1,[5.0; 9.0]; [757523835.5; 1515047671.0]
1,left,4.80015800000011e-05,233,1.5,1.49,0.006467514329999999,1,1,[5.0; 9.0]; [757523835.5; 1515047671.0]
1,left,4.7273290000000575e-05,233,1.5,1.49,0.006467514329999999,1,1,[5.0; 9.0]; [757523835.5; 1515047671.0]
1,left,5.712197800000052e-05,233,1.5,1.49,0.006467514329999999,1,1,average
1,left,4.279801000000028e-05,1178,1.5,1.49,0.02672237658,1,1,[5.0; 9.0]; [757523835.5; 1515047671.0]
1,left,4.3455279999999874e-05,1178,1.5,1.49,0.02672237658,1,1,[5.0; 9.0]; [757523835.5; 1515047671.0]
1,left,4.5033640000005094e-05,1178,1.5,1.49,0.02672237658,1,1,[5.0; 9.0]; [757523835.5; 1515047671.0]
1,left,5.2398470000003525e-05,1178,1.5,1.49,0.02672237658,1,1,[5.0; 9.0]; [757523835.5; 1515047671.0]
1,left,4.2203650000001146e-05,1178,1.5,1.49,0.02672237658,1,1,[5.0; 9.0]; [757523835.5; 1515047671.0]
1,left,4.517781000000198e-05,1178,1.5,1.49,0.02672237658,1,1,average
1,left,4.2328280000001326e-05,596,1.5,1.49,0.012841903339999999,1,1,[5.0; 9.0]; [757523835.5; 1515047671.0]
1,left,4.241300999998643e-05,596,1.5,1.49,0.012841903339999999,1,1,[5.0; 9.0]; [757523835.5; 1515047671.0]
1,left,4.2959830000004476e-05,596,1.5,1.49,0.012841903339999999,1,1,[5.0; 9.0]; [757523835.5; 1515047671.0]
1,left,4.210940999998414e-05,596,1.5,1.49,0.012841903339999999,1,1,[5.0; 9.0]; [757523835.5; 1515047671.0]
1,left,4.30286299999949e-05,596,1.5,1.49,0.012841903339999999,1,1,[5.0; 9.0]; [757523835.5; 1515047671.0]
1,left,4.256783199999425e-05,596,1.5,1.49,0.012841903339999999,1,1,average
1,left,4.310192000000157e-05,590,1.5,1.49,0.01258899679999999,1,1,[5.0; 9.0]; [757523835.5; 1515047671.0]
1,left,4.742429000000215e-05,590,1.5,1.49,0.01258899679999999,1,1,[5.0; 9.0]; [757523835.5; 1515047671.0]
1,left,4.298140999999589e-05,590,1.5,1.49,0.01258899679999999,1,1,[5.0; 9.0]; [757523835.5; 1515047671.0]
1,left,4.3583920000003215e-05,590,1.5,1.49,0.01258899679999999,1,1,[5.0; 9.0]; [757523835.5; 1515047671.0]
1,left,4.3435949999999226e-05,590,1.5,1.49,0.01258899679999999,1,1,[5.0; 9.0]; [757523835.5; 1515047671.0]
1,left,4.410549800000041e-05,590,1.5,1.49,0.01258899679999999,1,1,average
1,left,4.230231000001083e-05,785,1.5,1.49,0.016912673499999985,1,1,[5.0; 9.0]; [757523835.5; 1515047671.0]
1,left,4.691546000000102e-05,785,1.5,1.49,0.016912673499999985,1,1,[5.0; 9.0]; [757523835.5; 1515047671.0]
1,left,4.261352000000329e-05,785,1.5,1.49,0.016912673499999985,1,1,[5.0; 9.0]; [757523835.5; 1515047671.0]
1,left,4.384845000000581e-05,785,1.5,1.49,0.016912673499999985,1,1,[5.0; 9.0]; [757523835.5; 1515047671.0]
1,left,4.224039000000346e-05,785,1.5,1.49,0.016912673499999985,1,1,[5.0; 9.0]; [757523835.5; 1515047671.0]
1,left,4.358402600000488e-05,785,1.5,1.49,0.016912673499999985,1,1,average
1,left,4.365858000001666e-05,677,1.5,1.49,0.014980777320000005,1,1,[5.0; 9.0]; [757523835.5; 1515047671.0]
1,left,4.309354999998405e-05,677,1.5,1.49,0.014980777320000005,1,1,[5.0; 9.0]; [757523835.5; 1515047671.0]
1,left,4.3752660000002666e-05,677,1.5,1.49,0.014980777320000005,1,1,[5.0; 9.0]; [757523835.5; 1515047671.0]
1,left,5.021882999999505e-05,677,1.5,1.49,0.014980777320000005,1,1,[5.0; 9.0]; [757523835.5; 1515047671.0]
1,left,4.14162700000098e-05,677,1.5,1.49,0.014980777320000005,1,1,[5.0; 9.0]; [757523835.5; 1515047671.0]
1,left,4.442797800000164e-05,677,1.5,1.49,0.014980777320000005,1,1,average
1,left,4.308540000000249e-05,894,1.5,1.49,0.019786678370000015,1,1,[5.0; 9.0]; [757523835.5; 1515047671.0]
1,left,4.332821999998515e-05,894,1.5,1.49,0.019786678370000015,1,1,[5.0; 9.0]; [757523835.5; 1515047671.0]
1,left,4.3592750000023273e-05,894,1.5,1.49,0.019786678370000015,1,1,[5.0; 9.0]; [757523835.5; 1515047671.0]
1,left,4.26303300000086e-05,894,1.5,1.49,0.019786678370000015,1,1,[5.0; 9.0]; [757523835.5; 1515047671.0]
1,left,4.1499740000006113e-05,894,1.5,1.49,0.019786678370000015,1,1,[5.0; 9.0]; [757523835.5; 1515047671.0]
1,left,4.2827288000005126e-05,894,1.5,1.49,0.019786678370000015,1,1,average
1,left,4.530483000003471e-05,541,1.5,1.49,0.011627208949999997,1,1,[5.0; 9.0]; [757523835.5; 1515047671.0]
1,left,5.264089000000638e-05,541,1.5,1.49,0.011627208949999997,1,1,[5.0; 9.0]; [757523835.5; 1515047671.0]
1,left,4.267405000000224e-05,541,1.5,1.49,0.011627208949999997,1,1,[5.0; 9.0]; [757523835.5; 1515047671.0]
1,left,4.2481149999993304e-05,541,1.5,1.49,0.011627208949999997,1,1,[5.0; 9.0]; [757523835.5; 1515047671.0]
1,left,4.3182359999995865e-05,541,1.5,1.49,0.011627208949999997,1,1,[5.0; 9.0]; [757523835.5; 1515047671.0]
1,left,4.52566560000065e-05,541,1.5,1.49,0.011627208949999997,1,1,average
1,left,4.4794010000011044e-05,1351,1.5,1.49,0.029152077,1,1,[5.0; 9.0]; [757523835.5; 1515047671.0]
1,left,4.261362000001156e-05,1351,1.5,1.49,0.029152077,1,1,[5.0; 9.0]; [757523835.5; 1515047671.0]
1,left,4.6478319999998516e-05,1351,1.5,1.49,0.029152077,1,1,[5.0; 9.0]; [757523835.5; 1515047671.0]
1,left,4.190194999999619e-05,1351,1.5,1.49,0.029152077,1,1,[5.0; 9.0]; [757523835.5; 1515047671.0]
1,left,4.362550000003296e-05,1351,1.5,1.49,0.029152077,1,1,[5.0; 9.0]; [757523835.5; 1515047671.0]
1,left,4.3882680000010054e-05,1351,1.5,1.49,0.029152077,1,1,average
1,left,4.67043300000114e-05,293,1.5,1.49,0.006340805090000004,1,1,[5.0; 9.0]; [757523835.5; 1515047671.0]
1,left,4.2040999999990445e-05,293,1.5,1.49,0.006340805090000004,1,1,[5.0; 9.0]; [757523835.5; 1515047671.0]
1,left,4.2424869999990736e-05,293,1.5,1.49,0.006340805090000004,1,1,[5.0; 9.0]; [757523835.5; 1515047671.0]
1,left,4.639567999998206e-05,293,1.5,1.49,0.006340805090000004,1,1,[5.0; 9.0]; [757523835.5; 1515047671.0]
1,left,4.7445929999980763e-05,293,1.5,1.49,0.006340805090000004,1,1,[5.0; 9.0]; [757523835.5; 1515047671.0]
1,left,4.5002361999991087e-05,293,1.5,1.49,0.006340805090000004,1,1,average
1,left,4.326963000000461e-05,298,1.5,1.49,0.0064173266100000246,1,1,[5.0; 9.0]; [757523835.5; 1515047671.0]
1,left,4.168786000001035e-05,298,1.5,1.49,0.0064173266100000246,1,1,[5.0; 9.0]; [757523835.5; 1515047671.0]
1,left,4.3868909999993376e-05,298,1.5,1.49,0.0064173266100000246,1,1,[5.0; 9.0]; [757523835.5; 1515047671.0]
1,left,4.1678889999978707e-05,298,1.5,1.49,0.0064173266100000246,1,1,[5.0; 9.0]; [757523835.5; 1515047671.0]
1,left,4.4114729999975567e-05,298,1.5,1.49,0.0064173266100000246,1,1,[5.0; 9.0]; [757523835.5; 1515047671.0]
1,left,4.292400399999253e-05,298,1.5,1.49,0.0064173266100000246,1,1,average
1,left,4.2904429999985896e-05,2354,1.5,1.49,0.05075263681000003,1,1,[5.0; 9.0]; [757523835.5; 1515047671.0]
1,left,4.339362999999707e-05,2354,1.5,1.49,0.05075263681000003,1,1,[5.0; 9.0]; [757523835.5; 1515047671.0]
1,left,4.431293999999752e-05,2354,1.5,1.49,0.05075263681000003,1,1,[5.0; 9.0]; [757523835.5; 1515047671.0]
1,left,7.346745999996074e-05,2354,1.5,1.49,0.05075263681000003,1,1,[5.0; 9.0]; [757523835.5; 1515047671.0]
1,left,4.2964539999985615e-05,2354,1.5,1.49,0.05075263681000003,1,1,[5.0; 9.0]; [757523835.5; 1515047671.0]
1,left,4.940859999998536e-05,2354,1.5,1.49,0.05075263681000003,1,1,average
1,left,4.631698000004292e-05,450,1.5,1.49,0.009617942570000012,1,1,[5.0; 9.0]; [757523835.5; 1515047671.0]
1,left,4.2289820000007695e-05,450,1.5,1.49,0.009617942570000012,1,1,[5.0; 9.0]; [757523835.5; 1515047671.0]
1,left,4.377276999996127e-05,450,1.5,1.49,0.009617942570000012,1,1,[5.0; 9.0]; [757523835.5; 1515047671.0]
1,left,4.231263000001206e-05,450,1.5,1.49,0.009617942570000012,1,1,[5.0; 9.0]; [757523835.5; 1515047671.0]
1,left,4.295738999999798e-05,450,1.5,1.49,0.009617942570000012,1,1,[5.0; 9.0]; [757523835.5; 1515047671.0]
1,left,4.3529918000004385e-05,450,1.5,1.49,0.009617942570000012,1,1,average
1,left,4.242872999995484e-05,1077,1.5,1.49,0.02347234058000005,1,1,[5.0; 9.0]; [757523835.5; 1515047671.0]
1,left,4.561532000003865e-05,1077,1.5,1.49,0.02347234058000005,1,1,[5.0; 9.0]; [757523835.5; 1515047671.0]
1,left,4.877593000003344e-05,1077,1.5,1.49,0.02347234058000005,1,1,[5.0; 9.0]; [757523835.5; 1515047671.0]
1,left,4.409694999999658e-05,1077,1.5,1.49,0.02347234058000005,1,1,[5.0; 9.0]; [757523835.5; 1515047671.0]
1,left,4.2052639999994315e-05,1077,1.5,1.49,0.02347234058000005,1,1,[5.0; 9.0]; [757523835.5; 1515047671.0]
1,left,4.459391400000357e-05,1077,1.5,1.49,0.02347234058000005,1,1,average
1,left,4.20952800000407e-05,389,1.5,1.49,0.008371510979999996,1,1,[5.0; 9.0]; [757523835.5; 1515047671.0]
1,left,4.264775999999415e-05,389,1.5,1.49,0.008371510979999996,1,1,[5.0; 9.0]; [757523835.5; 1515047671.0]
1,left,4.231009999998037e-05,389,1.5,1.49,0.008371510979999996,1,1,[5.0; 9.0]; [757523835.5; 1515047671.0]
1,left,4.2276650000019344e-05,389,1.5,1.49,0.008371510979999996,1,1,[5.0; 9.0]; [757523835.5; 1515047671.0]
1,left,4.163664000003564e-05,389,1.5,1.49,0.008371510979999996,1,1,[5.0; 9.0]; [757523835.5; 1515047671.0]
1,left,4.2193286000014044e-05,389,1.5,1.49,0.008371510979999996,1,1,average
1,left,4.236818999999059e-05,358,1.5,1.49,0.007696294440000031,1,1,[5.0; 9.0]; [757523835.5; 1515047671.0]
1,left,4.409462999994673e-05,358,1.5,1.49,0.007696294440000031,1,1,[5.0; 9.0]; [757523835.5; 1515047671.0]
1,left,4.4672410000003995e-05,358,1.5,1.49,0.007696294440000031,1,1,[5.0; 9.0]; [757523835.5; 1515047671.0]
1,left,4.175624000005485e-05,358,1.5,1.49,0.007696294440000031,1,1,[5.0; 9.0]; [757523835.5; 1515047671.0]
1,left,4.698573000005979e-05,358,1.5,1.49,0.007696294440000031,1,1,[5.0; 9.0]; [757523835.5; 1515047671.0]
1,left,4.397544000001119e-05,358,1.5,1.49,0.007696294440000031,1,1,average
1,left,4.3425240000019016e-05,2150,1.5,1.49,0.04630410185999999,1,1,[5.0; 9.0]; [757523835.5; 1515047671.0]
1,left,4.3508099999982617e-05,2150,1.5,1.49,0.04630410185999999,1,1,[5.0; 9.0]; [757523835.5; 1515047671.0]
1,left,4.351326000005429e-05,2150,1.5,1.49,0.04630410185999999,1,1,[5.0; 9.0]; [757523835.5; 1515047671.0]
1,left,4.2007390000051716e-05,2150,1.5,1.49,0.04630410185999999,1,1,[5.0; 9.0]; [757523835.5; 1515047671.0]
1,left,4.42960499999856e-05,2150,1.5,1.49,0.04630410185999999,1,1,[5.0; 9.0]; [757523835.5; 1515047671.0]
1,left,4.3350008000018654e-05,2150,1.5,1.49,0.04630410185999999,1,1,average
1,left,4.298962000000017e-05,194,1.5,1.49,0.004244097010000019,1,1,[5.0; 9.0]; [757523835.5; 1515047671.0]
1,left,4.295060000004014e-05,194,1.5,1.49,0.004244097010000019,1,1,[5.0; 9.0]; [757523835.5; 1515047671.0]
1,left,4.296080000003144e-05,194,1.5,1.49,0.004244097010000019,1,1,[5.0; 9.0]; [757523835.5; 1515047671.0]
1,left,4.314941000004069e-05,194,1.5,1.49,0.004244097010000019,1,1,[5.0; 9.0]; [757523835.5; 1515047671.0]
1,left,4.219083999998929e-05,194,1.5,1.49,0.004244097010000019,1,1,[5.0; 9.0]; [757523835.5; 1515047671.0]
1,left,4.2848254000020344e-05,194,1.5,1.49,0.004244097010000019,1,1,average
1,left,4.344043999999769e-05,447,1.5,1.49,0.009827062720000015,1,1,[5.0; 9.0]; [757523835.5; 1515047671.0]
1,left,4.281416999994292e-05,447,1.5,1.49,0.009827062720000015,1,1,[5.0; 9.0]; [757523835.5; 1515047671.0]
1,left,4.3722419999951964e-05,447,1.5,1.49,0.009827062720000015,1,1,[5.0; 9.0]; [757523835.5; 1515047671.0]
1,left,4.233669999997858e-05,447,1.5,1.49,0.009827062720000015,1,1,[5.0; 9.0]; [757523835.5; 1515047671.0]
1,left,4.22074100000458e-05,447,1.5,1.49,0.009827062720000015,1,1,[5.0; 9.0]; [757523835.5; 1515047671.0]
1,left,4.290422799998339e-05,447,1.5,1.49,0.009827062720000015,1,1,average
1,left,4.3378290000006814e-05,2706,1.5,1.49,0.05842843732999995,1,1,[5.0; 9.0]; [757523835.5; 1515047671.0]
1,left,4.268696000004013e-05,2706,1.5,1.49,0.05842843732999995,1,1,[5.0; 9.0]; [757523835.5; 1515047671.0]
1,left,4.245984999997176e-05,2706,1.5,1.49,0.05842843732999995,1,1,[5.0; 9.0]; [757523835.5; 1515047671.0]
1,left,4.272771000003672e-05,2706,1.5,1.49,0.05842843732999995,1,1,[5.0; 9.0]; [757523835.5; 1515047671.0]
1,left,5.159659000000261e-05,2706,1.5,1.49,0.05842843732999995,1,1,[5.0; 9.0]; [757523835.5; 1515047671.0]
1,left,4.45698800000116e-05,2706,1.5,1.49,0.05842843732999995,1,1,average
1,left,4.2453459999975965e-05,901,1.5,1.49,0.01963489831000004,1,1,[5.0; 9.0]; [757523835.5; 1515047671.0]
1,left,7.925089000003994e-05,901,1.5,1.49,0.01963489831000004,1,1,[5.0; 9.0]; [757523835.5; 1515047671.0]
1,left,4.2644699999954127e-05,901,1.5,1.49,0.01963489831000004,1,1,[5.0; 9.0]; [757523835.5; 1515047671.0]
1,left,4.186819999993929e-05,901,1.5,1.49,0.01963489831000004,1,1,[5.0; 9.0]; [757523835.5; 1515047671.0]
1,left,4.100741999998547e-05,901,1.5,1.49,0.01963489831000004,1,1,[5.0; 9.0]; [757523835.5; 1515047671.0]
1,left,4.944493399997896e-05,901,1.5,1.49,0.01963489831000004,1,1,average
1,left,4.187285999996959e-05,2031,1.5,1.49,0.04424092072000001,1,1,[5.0; 9.0]; [757523835.5; 1515047671.0]
1,left,4.396072000005802e-05,2031,1.5,1.49,0.04424092072000001,1,1,[5.0; 9.0]; [757523835.5; 1515047671.0]
1,left,4.499374000005218e-05,2031,1.5,1.49,0.04424092072000001,1,1,[5.0; 9.0]; [757523835.5; 1515047671.0]
1,left,4.369379999999978e-05,2031,1.5,1.49,0.04424092072000001,1,1,[5.0; 9.0]; [757523835.5; 1515047671.0]
1,left,4.225454000000184e-05,2031,1.5,1.49,0.04424092072000001,1,1,[5.0; 9.0]; [757523835.5; 1515047671.0]
1,left,4.3355132000016285e-05,2031,1.5,1.49,0.04424092072000001,1,1,average
1,left,4.2241109999991975e-05,4057,1.5,1.49,0.08842676826999991,1,1,[5.0; 9.0]; [757523835.5; 1515047671.0]
1,left,4.251342000003433e-05,4057,1.5,1.49,0.08842676826999991,1,1,[5.0; 9.0]; [757523835.5; 1515047671.0]
1,left,4.3134229999992614e-05,4057,1.5,1.49,0.08842676826999991,1,1,[5.0; 9.0]; [757523835.5; 1515047671.0]
1,left,4.5536539999915245e-05,4057,1.5,1.49,0.08842676826999991,1,1,[5.0; 9.0]; [757523835.5; 1515047671.0]
1,left,4.479390000000194e-05,4057,1.5,1.49,0.08842676826999991,1,1,[5.0; 9.0]; [757523835.5; 1515047671.0]
1,left,4.364383999998722e-05,4057,1.5,1.49,0.08842676826999991,1,1,average
1,left,4.69730599999707e-05,584,1.5,1.49,0.01282365341000002,1,1,[5.0; 9.0]; [757523835.5; 1515047671.0]
1,left,4.326016000007371e-05,584,1.5,1.49,0.01282365341000002,1,1,[5.0; 9.0]; [757523835.5; 1515047671.0]
1,left,4.2743099999995596e-05,584,1.5,1.49,0.01282365341000002,1,1,[5.0; 9.0]; [757523835.5; 1515047671.0]
1,left,4.1479920000000444e-05,584,1.5,1.49,0.01282365341000002,1,1,[5.0; 9.0]; [757523835.5; 1515047671.0]
1,left,4.366239000006544e-05,584,1.5,1.49,0.01282365341000002,1,1,[5.0; 9.0]; [757523835.5; 1515047671.0]
1,left,4.362372600002118e-05,584,1.5,1.49,0.01282365341000002,1,1,average
1,left,4.5762320000051203e-05,2699,1.5,1.49,0.058439006420000085,1,1,[5.0; 9.0]; [757523835.5; 1515047671.0]
1,left,4.2248660000012704e-05,2699,1.5,1.49,0.058439006420000085,1,1,[5.0; 9.0]; [757523835.5; 1515047671.0]
1,left,4.407604999997261e-05,2699,1.5,1.49,0.058439006420000085,1,1,[5.0; 9.0]; [757523835.5; 1515047671.0]
1,left,4.2842430000007424e-05,2699,1.5,1.49,0.058439006420000085,1,1,[5.0; 9.0]; [757523835.5; 1515047671.0]
1,left,4.266302999994309e-05,2699,1.5,1.49,0.058439006420000085,1,1,[5.0; 9.0]; [757523835.5; 1515047671.0]
1,left,4.351849799999741e-05,2699,1.5,1.49,0.058439006420000085,1,1,average
1,left,4.3353490000015426e-05,8105,1.5,1.49,0.17616190058,1,1,[5.0; 9.0]; [757523835.5; 1515047671.0]
1,left,4.3188400000104823e-05,8105,1.5,1.49,0.17616190058,1,1,[5.0; 9.0]; [757523835.5; 1515047671.0]
1,left,4.387592000000495e-05,8105,1.5,1.49,0.17616190058,1,1,[5.0; 9.0]; [757523835.5; 1515047671.0]
1,left,4.306256999996094e-05,8105,1.5,1.49,0.17616190058,1,1,[5.0; 9.0]; [757523835.5; 1515047671.0]
1,left,4.326973999994266e-05,8105,1.5,1.49,0.17616190058,1,1,[5.0; 9.0]; [757523835.5; 1515047671.0]
1,left,4.335002400000576e-05,8105,1.5,1.49,0.17616190058,1,1,average
1,left,4.2560420000086195e-05,4295,1.5,1.49,0.09320995243999988,1,1,[5.0; 9.0]; [757523835.5; 1515047671.0]
1,left,4.361029999998323e-05,4295,1.5,1.49,0.09320995243999988,1,1,[5.0; 9.0]; [757523835.5; 1515047671.0]
1,left,4.556916999987948e-05,4295,1.5,1.49,0.09320995243999988,1,1,[5.0; 9.0]; [757523835.5; 1515047671.0]
1,left,4.2090319999914525e-05,4295,1.5,1.49,0.09320995243999988,1,1,[5.0; 9.0]; [757523835.5; 1515047671.0]
1,left,4.251006000004054e-05,4295,1.5,1.49,0.09320995243999988,1,1,[5.0; 9.0]; [757523835.5; 1515047671.0]
1,left,4.32680539999808e-05,4295,1.5,1.49,0.09320995243999988,1,1,average
1,left,4.236860999995429e-05,717,1.5,1.49,0.01565470942999994,1,1,[5.0; 9.0]; [757523835.5; 1515047671.0]
1,left,4.425901000004728e-05,717,1.5,1.49,0.01565470942999994,1,1,[5.0; 9.0]; [757523835.5; 1515047671.0]
1,left,4.269339000003924e-05,717,1.5,1.49,0.01565470942999994,1,1,[5.0; 9.0]; [757523835.5; 1515047671.0]
1,left,4.20564299999171e-05,717,1.5,1.49,0.01565470942999994,1,1,[5.0; 9.0]; [757523835.5; 1515047671.0]
1,left,4.381702999992854e-05,717,1.5,1.49,0.01565470942999994,1,1,[5.0; 9.0]; [757523835.5; 1515047671.0]
1,left,4.3038893999977295e-05,717,1.5,1.49,0.01565470942999994,1,1,average
1,left,4.4071229999929074e-05,471,1.5,1.49,0.010128686850000007,1,1,[5.0; 9.0]; [757523835.5; 1515047671.0]
1,left,4.299884999994674e-05,471,1.5,1.49,0.010128686850000007,1,1,[5.0; 9.0]; [757523835.5; 1515047671.0]
1,left,4.273213999994141e-05,471,1.5,1.49,0.010128686850000007,1,1,[5.0; 9.0]; [757523835.5; 1515047671.0]
1,left,4.291842000000656e-05,471,1.5,1.49,0.010128686850000007,1,1,[5.0; 9.0]; [757523835.5; 1515047671.0]
1,left,4.319744000000014e-05,471,1.5,1.49,0.010128686850000007,1,1,[5.0; 9.0]; [757523835.5; 1515047671.0]
1,left,4.3183615999964785e-05,471,1.5,1.49,0.010128686850000007,1,1,average
1,left,4.219410999994011e-05,861,1.5,1.49,0.01883830671999988,1,1,[5.0; 9.0]; [757523835.5; 1515047671.0]
1,left,4.321573999988004e-05,861,1.5,1.49,0.01883830671999988,1,1,[5.0; 9.0]; [757523835.5; 1515047671.0]
1,left,4.2757349999931195e-05,861,1.5,1.49,0.01883830671999988,1,1,[5.0; 9.0]; [757523835.5; 1515047671.0]
1,left,4.3499510000089006e-05,861,1.5,1.49,0.01883830671999988,1,1,[5.0; 9.0]; [757523835.5; 1515047671.0]
1,left,4.281039999995073e-05,861,1.5,1.49,0.01883830671999988,1,1,[5.0; 9.0]; [757523835.5; 1515047671.0]
1,left,4.2895421999958214e-05,861,1.5,1.49,0.01883830671999988,1,1,average
1,left,4.430908000003342e-05,1434,1.5,1.49,0.03123418672999989,1,1,[5.0; 9.0]; [757523835.5; 1515047671.0]
1,left,4.42673799999227e-05,1434,1.5,1.49,0.03123418672999989,1,1,[5.0; 9.0]; [757523835.5; 1515047671.0]
1,left,4.7134769999956916e-05,1434,1.5,1.49,0.03123418672999989,1,1,[5.0; 9.0]; [757523835.5; 1515047671.0]
1,left,4.3041260000080686e-05,1434,1.5,1.49,0.03123418672999989,1,1,[5.0; 9.0]; [757523835.5; 1515047671.0]
1,left,4.3688990000134706e-05,1434,1.5,1.49,0.03123418672999989,1,1,[5.0; 9.0]; [757523835.5; 1515047671.0]
1,left,4.448829600002569e-05,1434,1.5,1.49,0.03123418672999989,1,1,average
1,left,4.3010770000080356e-05,392,1.5,1.49,0.008529632390000047,1,1,[5.0; 9.0]; [757523835.5; 1515047671.0]
1,left,4.2613880000033076e-05,392,1.5,1.49,0.008529632390000047,1,1,[5.0; 9.0]; [757523835.5; 1515047671.0]
1,left,4.3943610000098945e-05,392,1.5,1.49,0.008529632390000047,1,1,[5.0; 9.0]; [757523835.5; 1515047671.0]
1,left,4.307488999998554e-05,392,1.5,1.49,0.008529632390000047,1,1,[5.0; 9.0]; [757523835.5; 1515047671.0]
1,left,4.307740000001559e-05,392,1.5,1.49,0.008529632390000047,1,1,[5.0; 9.0]; [757523835.5; 1515047671.0]
1,left,4.3144110000042704e-05,392,1.5,1.49,0.008529632390000047,1,1,average
2,left,4.383992000015269e-05,8327,1.5,1.49,0.18062842322000008,1,1,[5.5; 7.5]; [700000000; 1078761917.5]
2,left,4.319657999985793e-05,8327,1.5,1.49,0.18062842322000008,1,1,[5.5; 7.5]; [700000000; 1078761917.5]
2,left,4.225978000022224e-05,8327,1.5,1.49,0.18062842322000008,1,1,[5.5; 7.5]; [700000000; 1078761917.5]
2,left,4.444957000004024e-05,8327,1.5,1.49,0.18062842322000008,1,1,[5.5; 7.5]; [700000000; 1078761917.5]
2,left,5.0521590000016656e-05,8327,1.5,1.49,0.18062842322000008,1,1,[5.5; 7.5]; [700000000; 1078761917.5]
2,left,4.485348800005795e-05,8327,1.5,1.49,0.18062842322000008,1,1,average
2,left,4.1788759999974446e-05,671,1.5,1.49,0.01486925933000009,1,1,[5.5; 7.5]; [700000000; 1078761917.5]
2,left,4.2771200000117915e-05,671,1.5,1.49,0.01486925933000009,1,1,[5.5; 7.5]; [700000000; 1078761917.5]
2,left,5.342005999978028e-05,671,1.5,1.49,0.01486925933000009,1,1,[5.5; 7.5]; [700000000; 1078761917.5]
2,left,4.4824510000012195e-05,671,1.5,1.49,0.01486925933000009,1,1,[5.5; 7.5]; [700000000; 1078761917.5]
2,left,4.2264960000011343e-05,671,1.5,1.49,0.01486925933000009,1,1,[5.5; 7.5]; [700000000; 1078761917.5]
2,left,4.501389799997924e-05,671,1.5,1.49,0.01486925933000009,1,1,average
2,left,4.163247000008141e-05,928,1.5,1.49,0.02026517504999987,1,1,[5.5; 7.5]; [700000000; 1078761917.5]
2,left,4.7702200000117045e-05,928,1.5,1.49,0.02026517504999987,1,1,[5.5; 7.5]; [700000000; 1078761917.5]
2,left,4.2424860000096485e-05,928,1.5,1.49,0.02026517504999987,1,1,[5.5; 7.5]; [700000000; 1078761917.5]
2,left,4.427485999997316e-05,928,1.5,1.49,0.02026517504999987,1,1,[5.5; 7.5]; [700000000; 1078761917.5]
2,left,4.297411000010243e-05,928,1.5,1.49,0.02026517504999987,1,1,[5.5; 7.5]; [700000000; 1078761917.5]
2,left,4.380170000007411e-05,928,1.5,1.49,0.02026517504999987,1,1,average
2,left,4.440682999984347e-05,948,1.5,1.49,0.02061277070999978,1,1,[5.5; 7.5]; [700000000; 1078761917.5]
2,left,6.53997500000969e-05,948,1.5,1.49,0.02061277070999978,1,1,[5.5; 7.5]; [700000000; 1078761917.5]
2,left,4.227608999997301e-05,948,1.5,1.49,0.02061277070999978,1,1,[5.5; 7.5]; [700000000; 1078761917.5]
2,left,4.255523000011863e-05,948,1.5,1.49,0.02061277070999978,1,1,[5.5; 7.5]; [700000000; 1078761917.5]
2,left,4.274184999985664e-05,948,1.5,1.49,0.02061277070999978,1,1,[5.5; 7.5]; [700000000; 1078761917.5]
2,left,4.7475949999977734e-05,948,1.5,1.49,0.02061277070999978,1,1,average
2,left,4.266456999999946e-05,2180,1.5,1.49,0.047421137839999974,1,1,[5.5; 7.5]; [700000000; 1078761917.5]
2,left,4.3389319999960206e-05,2180,1.5,1.49,0.047421137839999974,1,1,[5.5; 7.5]; [700000000; 1078761917.5]
2,left,4.334656999986919e-05,2180,1.5,1.49,0.047421137839999974,1,1,[5.5; 7.5]; [700000000; 1078761917.5]
2,left,4.842678000017031e-05,2180,1.5,1.49,0.047421137839999974,1,1,[5.5; 7.5]; [700000000; 1078761917.5]
2,left,4.325803000000405e-05,2180,1.5,1.49,0.047421137839999974,1,1,[5.5; 7.5]; [700000000; 1078761917.5]
2,left,4.421705400000065e-05,2180,1.5,1.49,0.047421137839999974,1,1,average
2,left,4.2595749999918556e-05,1418,1.5,1.49,0.031174085030000073,1,1,[5.5; 7.5]; [700000000; 1078761917.5]
2,left,4.3250070000055985e-05,1418,1.5,1.49,0.031174085030000073,1,1,[5.5; 7.5]; [700000000; 1078761917.5]
2,left,4.2241940000167234e-05,1418,1.5,1.49,0.031174085030000073,1,1,[5.5; 7.5]; [700000000; 1078761917.5]
2,left,4.190855000018701e-05,1418,1.5,1.49,0.031174085030000073,1,1,[5.5; 7.5]; [700000000; 1078761917.5]
2,left,4.5708170000011704e-05,1418,1.5,1.49,0.031174085030000073,1,1,[5.5; 7.5]; [700000000; 1078761917.5]
2,left,4.3140896000068096e-05,1418,1.5,1.49,0.031174085030000073,1,1,average
2,left,4.309833000007757e-05,1091,1.5,1.49,0.023642009540000116,1,1,[5.5; 7.5]; [700000000; 1078761917.5]
2,left,4.265099000008376e-05,1091,1.5,1.49,0.023642009540000116,1,1,[5.5; 7.5]; [700000000; 1078761917.5]
2,left,4.21218899998621e-05,1091,1.5,1.49,0.023642009540000116,1,1,[5.5; 7.5]; [700000000; 1078761917.5]
2,left,4.26662000000988e-05,1091,1.5,1.49,0.023642009540000116,1,1,[5.5; 7.5]; [700000000; 1078761917.5]
2,left,4.488690000016504e-05,1091,1.5,1.49,0.023642009540000116,1,1,[5.5; 7.5]; [700000000; 1078761917.5]
2,left,4.308486200005746e-05,1091,1.5,1.49,0.023642009540000116,1,1,average
2,left,4.2046629999958895e-05,474,1.5,1.49,0.010246473750000007,1,1,[5.5; 7.5]; [700000000; 1078761917.5]
2,left,5.071268999984113e-05,474,1.5,1.49,0.010246473750000007,1,1,[5.5; 7.5]; [700000000; 1078761917.5]
2,left,4.9439759999927444e-05,474,1.5,1.49,0.010246473750000007,1,1,[5.5; 7.5]; [700000000; 1078761917.5]
2,left,5.2573119999976826e-05,474,1.5,1.49,0.010246473750000007,1,1,[5.5; 7.5]; [700000000; 1078761917.5]
2,left,4.256684000012001e-05,474,1.5,1.49,0.010246473750000007,1,1,[5.5; 7.5]; [700000000; 1078761917.5]
2,left,4.746780799996486e-05,474,1.5,1.49,0.010246473750000007,1,1,average
2,left,5.7642780000151106e-05,837,1.5,1.49,0.01829388220999988,1,1,[5.5; 7.5]; [700000000; 1078761917.5]
2,left,4.510640999995985e-05,837,1.5,1.49,0.01829388220999988,1,1,[5.5; 7.5]; [700000000; 1078761917.5]
2,left,4.28004400001214e-05,837,1.5,1.49,0.01829388220999988,1,1,[5.5; 7.5]; [700000000; 1078761917.5]
2,left,4.274621999996952e-05,837,1.5,1.49,0.01829388220999988,1,1,[5.5; 7.5]; [700000000; 1078761917.5]
2,left,4.288094000003184e-05,837,1.5,1.49,0.01829388220999988,1,1,[5.5; 7.5]; [700000000; 1078761917.5]
2,left,4.623535800004674e-05,837,1.5,1.49,0.01829388220999988,1,1,average
2,left,4.4164509999973235e-05,1851,1.5,1.49,0.040105049479999766,1,1,[5.5; 7.5]; [700000000; 1078761917.5]
2,left,4.253768000012315e-05,1851,1.5,1.49,0.040105049479999766,1,1,[5.5; 7.5]; [700000000; 1078761917.5]
2,left,4.158578000016178e-05,1851,1.5,1.49,0.040105049479999766,1,1,[5.5; 7.5]; [700000000; 1078761917.5]
2,left,4.123859000003449e-05,1851,1.5,1.49,0.040105049479999766,1,1,[5.5; 7.5]; [700000000; 1078761917.5]
2,left,4.404014999977335e-05,1851,1.5,1.49,0.040105049479999766,1,1,[5.5; 7.5]; [700000000; 1078761917.5]
2,left,4.27133420000132e-05,1851,1.5,1.49,0.040105049479999766,1,1,average
2,left,4.2822499999886076e-05,2773,1.5,1.49,0.06023002726000016,1,1,[5.5; 7.5]; [700000000; 1078761917.5]
2,left,4.356129000001374e-05,2773,1.5,1.49,0.06023002726000016,1,1,[5.5; 7.5]; [700000000; 1078761917.5]
2,left,4.33471600001667e-05,2773,1.5,1.49,0.06023002726000016,1,1,[5.5; 7.5]; [700000000; 1078761917.5]
2,left,4.293318999998519e-05,2773,1.5,1.49,0.06023002726000016,1,1,[5.5; 7.5]; [700000000; 1078761917.5]
2,left,4.387891999982685e-05,2773,1.5,1.49,0.06023002726000016,1,1,[5.5; 7.5]; [700000000; 1078761917.5]
2,left,4.330861199997571e-05,2773,1.5,1.49,0.06023002726000016,1,1,average
2,left,4.315084000012348e-05,1116,1.5,1.49,0.024410456950000138,1,1,[5.5; 7.5]; [700000000; 1078761917.5]
2,left,4.4093589999931736e-05,1116,1.5,1.49,0.024410456950000138,1,1,[5.5; 7.5]; [700000000; 1078761917.5]
2,left,4.278595999977597e-05,1116,1.5,1.49,0.024410456950000138,1,1,[5.5; 7.5]; [700000000; 1078761917.5]
2,left,4.204168000001118e-05,1116,1.5,1.49,0.024410456950000138,1,1,[5.5; 7.5]; [700000000; 1078761917.5]
2,left,4.3523159999949714e-05,1116,1.5,1.49,0.024410456950000138,1,1,[5.5; 7.5]; [700000000; 1078761917.5]
2,left,4.311904599995842e-05,1116,1.5,1.49,0.024410456950000138,1,1,average
2,left,4.1892829999881085e-05,1388,1.5,1.49,0.030120172070000138,1,1,[5.5; 7.5]; [700000000; 1078761917.5]
2,left,4.304448999988608e-05,1388,1.5,1.49,0.030120172070000138,1,1,[5.5; 7.5]; [700000000; 1078761917.5]
2,left,4.3455189999974667e-05,1388,1.5,1.49,0.030120172070000138,1,1,[5.5; 7.5]; [700000000; 1078761917.5]
2,left,4.307818000000907e-05,1388,1.5,1.49,0.030120172070000138,1,1,[5.5; 7.5]; [700000000; 1078761917.5]
2,left,4.475861000003079e-05,1388,1.5,1.49,0.030120172070000138,1,1,[5.5; 7.5]; [700000000; 1078761917.5]
2,left,4.3245859999956336e-05,1388,1.5,1.49,0.030120172070000138,1,1,average
2,left,6.789591000000428e-05,569,1.5,1.49,0.01221738404000007,1,1,[5.5; 7.5]; [700000000; 1078761917.5]
2,left,4.238890000010542e-05,569,1.5,1.49,0.01221738404000007,1,1,[5.5; 7.5]; [700000000; 1078761917.5]
2,left,4.38829000000851e-05,569,1.5,1.49,0.01221738404000007,1,1,[5.5; 7.5]; [700000000; 1078761917.5]
2,left,4.2301409999936366e-05,569,1.5,1.49,0.01221738404000007,1,1,[5.5; 7.5]; [700000000; 1078761917.5]
2,left,4.2520620000061626e-05,569,1.5,1.49,0.01221738404000007,1,1,[5.5; 7.5]; [700000000; 1078761917.5]
2,left,4.7797948000038553e-05,569,1.5,1.49,0.01221738404000007,1,1,average
2,left,4.3167899999900786e-05,709,1.5,1.49,0.015629237140000213,1,1,[5.5; 7.5]; [700000000; 1078761917.5]
2,left,4.2849430000160285e-05,709,1.5,1.49,0.015629237140000213,1,1,[5.5; 7.5]; [700000000; 1078761917.5]
2,left,4.297861999987163e-05,709,1.5,1.49,0.015629237140000213,1,1,[5.5; 7.5]; [700000000; 1078761917.5]
2,left,4.265395999993871e-05,709,1.5,1.49,0.015629237140000213,1,1,[5.5; 7.5]; [700000000; 1078761917.5]
2,left,4.2335969999953705e-05,709,1.5,1.49,0.015629237140000213,1,1,[5.5; 7.5]; [700000000; 1078761917.5]
2,left,4.279717599996502e-05,709,1.5,1.49,0.015629237140000213,1,1,average
2,left,4.3684790000213525e-05,2126,1.5,1.49,0.04622974379999988,1,1,[5.5; 7.5]; [700000000; 1078761917.5]
2,left,4.219349999999622e-05,2126,1.5,1.49,0.04622974379999988,1,1,[5.5; 7.5]; [700000000; 1078761917.5]
2,left,4.215651000009757e-05,2126,1.5,1.49,0.04622974379999988,1,1,[5.5; 7.5]; [700000000; 1078761917.5]
2,left,4.249774999976808e-05,2126,1.5,1.49,0.04622974379999988,1,1,[5.5; 7.5]; [700000000; 1078761917.5]
2,left,4.278870000007373e-05,2126,1.5,1.49,0.04622974379999988,1,1,[5.5; 7.5]; [700000000; 1078761917.5]
2,left,4.266425000002983e-05,2126,1.5,1.49,0.04622974379999988,1,1,average
2,left,4.7127210000041944e-05,1457,1.5,1.49,0.031479121320000164,1,1,[5.5; 7.5]; [700000000; 1078761917.5]
2,left,4.269080000000258e-05,1457,1.5,1.49,0.031479121320000164,1,1,[5.5; 7.5]; [700000000; 1078761917.5]
2,left,4.274703999982421e-05,1457,1.5,1.49,0.031479121320000164,1,1,[5.5; 7.5]; [700000000; 1078761917.5]
2,left,4.2595369999958163e-05,1457,1.5,1.49,0.031479121320000164,1,1,[5.5; 7.5]; [700000000; 1078761917.5]
2,left,4.292359999993778e-05,1457,1.5,1.49,0.031479121320000164,1,1,[5.5; 7.5]; [700000000; 1078761917.5]
2,left,4.3616803999952935e-05,1457,1.5,1.49,0.031479121320000164,1,1,average
2,left,5.2845649999824215e-05,560,1.5,1.49,0.012133495209999979,1,1,[5.5; 7.5]; [700000000; 1078761917.5]
2,left,4.3280000000152085e-05,560,1.5,1.49,0.012133495209999979,1,1,[5.5; 7.5]; [700000000; 1078761917.5]
2,left,4.2478099999812e-05,560,1.5,1.49,0.012133495209999979,1,1,[5.5; 7.5]; [700000000; 1078761917.5]
2,left,4.2094759999997675e-05,560,1.5,1.49,0.012133495209999979,1,1,[5.5; 7.5]; [700000000; 1078761917.5]
2,left,4.196312999994234e-05,560,1.5,1.49,0.012133495209999979,1,1,[5.5; 7.5]; [700000000; 1078761917.5]
2,left,4.4532327999945665e-05,560,1.5,1.49,0.012133495209999979,1,1,average
2,left,4.2833690000065874e-05,1671,1.5,1.49,0.0365172538600001,1,1,[5.5; 7.5]; [700000000; 1078761917.5]
2,left,4.491583999993054e-05,1671,1.5,1.49,0.0365172538600001,1,1,[5.5; 7.5]; [700000000; 1078761917.5]
2,left,4.209718999987899e-05,1671,1.5,1.49,0.0365172538600001,1,1,[5.5; 7.5]; [700000000; 1078761917.5]
2,left,4.368448999997554e-05,1671,1.5,1.49,0.0365172538600001,1,1,[5.5; 7.5]; [700000000; 1078761917.5]
2,left,4.4497180000178104e-05,1671,1.5,1.49,0.0365172538600001,1,1,[5.5; 7.5]; [700000000; 1078761917.5]
2,left,4.360567800000581e-05,1671,1.5,1.49,0.0365172538600001,1,1,average
2,left,4.3836570000053144e-05,5541,1.5,1.49,0.12048421929999989,1,1,[5.5; 7.5]; [700000000; 1078761917.5]
2,left,4.5125640000094336e-05,5541,1.5,1.49,0.12048421929999989,1,1,[5.5; 7.5]; [700000000; 1078761917.5]
2,left,4.408011999998962e-05,5541,1.5,1.49,0.12048421929999989,1,1,[5.5; 7.5]; [700000000; 1078761917.5]
2,left,4.406020000004673e-05,5541,1.5,1.49,0.12048421929999989,1,1,[5.5; 7.5]; [700000000; 1078761917.5]
2,left,4.5579920000022865e-05,5541,1.5,1.49,0.12048421929999989,1,1,[5.5; 7.5]; [700000000; 1078761917.5]
2,left,4.453649000004134e-05,5541,1.5,1.49,0.12048421929999989,1,1,average
2,left,4.176089999987198e-05,1112,1.5,1.49,0.024298633920000156,1,1,[5.5; 7.5]; [700000000; 1078761917.5]
2,left,4.277138999981389e-05,1112,1.5,1.49,0.024298633920000156,1,1,[5.5; 7.5]; [700000000; 1078761917.5]
2,left,4.26609499999131e-05,1112,1.5,1.49,0.024298633920000156,1,1,[5.5; 7.5]; [700000000; 1078761917.5]
2,left,4.2103279999992084e-05,1112,1.5,1.49,0.024298633920000156,1,1,[5.5; 7.5]; [700000000; 1078761917.5]
2,left,4.239465000011933e-05,1112,1.5,1.49,0.024298633920000156,1,1,[5.5; 7.5]; [700000000; 1078761917.5]
2,left,4.233823399994208e-05,1112,1.5,1.49,0.024298633920000156,1,1,average
2,left,4.2899880000106805e-05,4244,1.5,1.49,0.0922262951800002,1,1,[5.5; 7.5]; [700000000; 1078761917.5]
2,left,4.3550240000058694e-05,4244,1.5,1.49,0.0922262951800002,1,1,[5.5; 7.5]; [700000000; 1078761917.5]
2,left,4.284775000002128e-05,4244,1.5,1.49,0.0922262951800002,1,1,[5.5; 7.5]; [700000000; 1078761917.5]
2,left,4.3270120000045156e-05,4244,1.5,1.49,0.0922262951800002,1,1,[5.5; 7.5]; [700000000; 1078761917.5]
2,left,4.3894350000073246e-05,4244,1.5,1.49,0.0922262951800002,1,1,[5.5; 7.5]; [700000000; 1078761917.5]
2,left,4.329246800006103e-05,4244,1.5,1.49,0.0922262951800002,1,1,average
2,left,4.277828000027739e-05,729,1.5,1.49,0.016003854409999862,1,1,[5.5; 7.5]; [700000000; 1078761917.5]
2,left,4.31403199999636e-05,729,1.5,1.49,0.016003854409999862,1,1,[5.5; 7.5]; [700000000; 1078761917.5]
2,left,4.258321999998316e-05,729,1.5,1.49,0.016003854409999862,1,1,[5.5; 7.5]; [700000000; 1078761917.5]
2,left,4.268827000004194e-05,729,1.5,1.49,0.016003854409999862,1,1,[5.5; 7.5]; [700000000; 1078761917.5]
2,left,4.3764629999998306e-05,729,1.5,1.49,0.016003854409999862,1,1,[5.5; 7.5]; [700000000; 1078761917.5]
2,left,4.2990944000052884e-05,729,1.5,1.49,0.016003854409999862,1,1,average
2,left,4.2654959999879336e-05,1704,1.5,1.49,0.03704691336999986,1,1,[5.5; 7.5]; [700000000; 1078761917.5]
2,left,4.24593599998957e-05,1704,1.5,1.49,0.03704691336999986,1,1,[5.5; 7.5]; [700000000; 1078761917.5]
2,left,4.2238160000067636e-05,1704,1.5,1.49,0.03704691336999986,1,1,[5.5; 7.5]; [700000000; 1078761917.5]
2,left,4.307582999985016e-05,1704,1.5,1.49,0.03704691336999986,1,1,[5.5; 7.5]; [700000000; 1078761917.5]
2,left,4.343578999993269e-05,1704,1.5,1.49,0.03704691336999986,1,1,[5.5; 7.5]; [700000000; 1078761917.5]
2,left,4.27728199999251e-05,1704,1.5,1.49,0.03704691336999986,1,1,average
2,left,4.3042220000018005e-05,5560,1.5,1.49,0.12014289306999984,1,1,[5.5; 7.5]; [700000000; 1078761917.5]
2,left,4.317004999990104e-05,5560,1.5,1.49,0.12014289306999984,1,1,[5.5; 7.5]; [700000000; 1078761917.5]
2,left,4.252226999994946e-05,5560,1.5,1.49,0.12014289306999984,1,1,[5.5; 7.5]; [700000000; 1078761917.5]
2,left,4.2649460000063754e-05,5560,1.5,1.49,0.12014289306999984,1,1,[5.5; 7.5]; [700000000; 1078761917.5]
2,left,4.3474909999758894e-05,5560,1.5,1.49,0.12014289306999984,1,1,[5.5; 7.5]; [700000000; 1078761917.5]
2,left,4.2971781999938226e-05,5560,1.5,1.49,0.12014289306999984,1,1,average
2,left,4.339809000015293e-05,2835,1.5,1.49,0.06171578181000001,1,1,[5.5; 7.5]; [700000000; 1078761917.5]
2,left,4.305353000006562e-05,2835,1.5,1.49,0.06171578181000001,1,1,[5.5; 7.5]; [700000000; 1078761917.5]
2,left,4.314836999981253e-05,2835,1.5,1.49,0.06171578181000001,1,1,[5.5; 7.5]; [700000000; 1078761917.5]
2,left,4.173500999996804e-05,2835,1.5,1.49,0.06171578181000001,1,1,[5.5; 7.5]; [700000000; 1078761917.5]
2,left,4.361273000000665e-05,2835,1.5,1.49,0.06171578181000001,1,1,[5.5; 7.5]; [700000000; 1078761917.5]
2,left,4.298954600000116e-05,2835,1.5,1.49,0.06171578181000001,1,1,average
2,left,4.551714000001539e-05,16641,1.5,1.49,0.36856941976,1,1,[5.5; 7.5]; [700000000; 1078761917.5]
2,left,5.049923999990824e-05,16641,1.5,1.49,0.36856941976,1,1,[5.5; 7.5]; [700000000; 1078761917.5]
2,left,4.400582000016584e-05,16641,1.5,1.49,0.36856941976,1,1,[5.5; 7.5]; [700000000; 1078761917.5]
2,left,5.268585999999686e-05,16641,1.5,1.49,0.36856941976,1,1,[5.5; 7.5]; [700000000; 1078761917.5]
2,left,4.369599999961338e-05,16641,1.5,1.49,0.36856941976,1,1,[5.5; 7.5]; [700000000; 1078761917.5]
2,left,4.728081199993994e-05,16641,1.5,1.49,0.36856941976,1,1,average
2,left,4.439626000021235e-05,4360,1.5,1.49,0.10360013888999958,1,1,[5.5; 7.5]; [700000000; 1078761917.5]
2,left,5.299391000050946e-05,4360,1.5,1.49,0.10360013888999958,1,1,[5.5; 7.5]; [700000000; 1078761917.5]
2,left,4.424580000033984e-05,4360,1.5,1.49,0.10360013888999958,1,1,[5.5; 7.5]; [700000000; 1078761917.5]
2,left,4.669396999986475e-05,4360,1.5,1.49,0.10360013888999958,1,1,[5.5; 7.5]; [700000000; 1078761917.5]
2,left,5.04234599998199e-05,4360,1.5,1.49,0.10360013888999958,1,1,[5.5; 7.5]; [700000000; 1078761917.5]
2,left,4.775068000014926e-05,4360,1.5,1.49,0.10360013888999958,1,1,average
2,left,4.3962470000451505e-05,875,1.5,1.49,0.020510315930000047,1,1,[5.5; 7.5]; [700000000; 1078761917.5]
2,left,4.3293879999737326e-05,875,1.5,1.49,0.020510315930000047,1,1,[5.5; 7.5]; [700000000; 1078761917.5]
2,left,4.2221499999755e-05,875,1.5,1.49,0.020510315930000047,1,1,[5.5; 7.5]; [700000000; 1078761917.5]
2,left,4.371163999962846e-05,875,1.5,1.49,0.020510315930000047,1,1,[5.5; 7.5]; [700000000; 1078761917.5]
2,left,4.191958000035356e-05,875,1.5,1.49,0.020510315930000047,1,1,[5.5; 7.5]; [700000000; 1078761917.5]
2,left,4.302181399998517e-05,875,1.5,1.49,0.020510315930000047,1,1,average
2,left,4.214777000015602e-05,1421,1.5,1.49,0.03183993689999966,1,1,[5.5; 7.5]; [700000000; 1078761917.5]
2,left,4.2853140000147507e-05,1421,1.5,1.49,0.03183993689999966,1,1,[5.5; 7.5]; [700000000; 1078761917.5]
2,left,5.584398999985751e-05,1421,1.5,1.49,0.03183993689999966,1,1,[5.5; 7.5]; [700000000; 1078761917.5]
2,left,4.2783189999795465e-05,1421,1.5,1.49,0.03183993689999966,1,1,[5.5; 7.5]; [700000000; 1078761917.5]
2,left,4.4203669999660634e-05,1421,1.5,1.49,0.03183993689999966,1,1,[5.5; 7.5]; [700000000; 1078761917.5]
2,left,4.556635199992343e-05,1421,1.5,1.49,0.03183993689999966,1,1,average
2,left,4.279742999983682e-05,8484,1.5,1.49,0.18581776036999997,1,1,[5.5; 7.5]; [700000000; 1078761917.5]
2,left,4.437659999950938e-05,8484,1.5,1.49,0.18581776036999997,1,1,[5.5; 7.5]; [700000000; 1078761917.5]
2,left,4.3378379999694516e-05,8484,1.5,1.49,0.18581776036999997,1,1,[5.5; 7.5]; [700000000; 1078761917.5]
2,left,4.2892529999676296e-05,8484,1.5,1.49,0.18581776036999997,1,1,[5.5; 7.5]; [700000000; 1078761917.5]
2,left,4.333446000032382e-05,8484,1.5,1.49,0.18581776036999997,1,1,[5.5; 7.5]; [700000000; 1078761917.5]
2,left,4.3355879999808165e-05,8484,1.5,1.49,0.18581776036999997,1,1,average
2,left,4.474638000033337e-05,4171,1.5,1.49,0.09109256303999985,1,1,[5.5; 7.5]; [700000000; 1078761917.5]
2,left,4.326217999960136e-05,4171,1.5,1.49,0.09109256303999985,1,1,[5.5; 7.5]; [700000000; 1078761917.5]
2,left,4.231892999996489e-05,4171,1.5,1.49,0.09109256303999985,1,1,[5.5; 7.5]; [700000000; 1078761917.5]
2,left,4.2860719999566755e-05,4171,1.5,1.49,0.09109256303999985,1,1,[5.5; 7.5]; [700000000; 1078761917.5]
2,left,4.404360999956225e-05,4171,1.5,1.49,0.09109256303999985,1,1,[5.5; 7.5]; [700000000; 1078761917.5]
2,left,4.3446363999805724e-05,4171,1.5,1.49,0.09109256303999985,1,1,average
3,left,4.4915220000234514e-05,771,1.5,1.49,0.016844132269999933,1,1,[3.0; 4.0]; [0.0; 189380958.88]
3,left,4.369318999977168e-05,771,1.5,1.49,0.016844132269999933,1,1,[3.0; 4.0]; [0.0; 189380958.88]
3,left,4.4489890000249944e-05,771,1.5,1.49,0.016844132269999933,1,1,[3.0; 4.0]; [0.0; 189380958.88]
3,left,4.289710000023206e-05,771,1.5,1.49,0.016844132269999933,1,1,[3.0; 4.0]; [0.0; 189380958.88]
3,left,4.39795500000173e-05,771,1.5,1.49,0.016844132269999933,1,1,[3.0; 4.0]; [0.0; 189380958.88]
3,left,4.39949900001011e-05,771,1.5,1.49,0.016844132269999933,1,1,average
3,left,4.3366859999878214e-05,1216,1.5,1.49,0.026551719400000024,1,1,[3.0; 4.0]; [0.0; 189380958.88]
3,left,4.240622999986954e-05,1216,1.5,1.49,0.026551719400000024,1,1,[3.0; 4.0]; [0.0; 189380958.88]
3,left,4.311115999996673e-05,1216,1.5,1.49,0.026551719400000024,1,1,[3.0; 4.0]; [0.0; 189380958.88]
3,left,4.294611999966946e-05,1216,1.5,1.49,0.026551719400000024,1,1,[3.0; 4.0]; [0.0; 189380958.88]
3,left,4.4182000000319025e-05,1216,1.5,1.49,0.026551719400000024,1,1,[3.0; 4.0]; [0.0; 189380958.88]
3,left,4.32024739999406e-05,1216,1.5,1.49,0.026551719400000024,1,1,average
3,left,4.4840709999789394e-05,775,1.5,1.49,0.0171556752500004,1,1,[3.0; 4.0]; [0.0; 189380958.88]
3,left,4.419979000033436e-05,775,1.5,1.49,0.0171556752500004,1,1,[3.0; 4.0]; [0.0; 189380958.88]
3,left,4.7411119999765106e-05,775,1.5,1.49,0.0171556752500004,1,1,[3.0; 4.0]; [0.0; 189380958.88]
3,left,4.4938010000237227e-05,775,1.5,1.49,0.0171556752500004,1,1,[3.0; 4.0]; [0.0; 189380958.88]
3,left,4.443191000007118e-05,775,1.5,1.49,0.0171556752500004,1,1,[3.0; 4.0]; [0.0; 189380958.88]
3,left,4.516430800003945e-05,775,1.5,1.49,0.0171556752500004,1,1,average
3,left,5.665548000024501e-05,552,1.5,1.49,0.011913887759999965,1,1,[3.0; 4.0]; [0.0; 189380958.88]
3,left,7.493374999967273e-05,552,1.5,1.49,0.011913887759999965,1,1,[3.0; 4.0]; [0.0; 189380958.88]
3,left,4.4902289999981804e-05,552,1.5,1.49,0.011913887759999965,1,1,[3.0; 4.0]; [0.0; 189380958.88]
3,left,4.480876000002354e-05,552,1.5,1.49,0.011913887759999965,1,1,[3.0; 4.0]; [0.0; 189380958.88]
3,left,5.8785620000207926e-05,552,1.5,1.49,0.011913887759999965,1,1,[3.0; 4.0]; [0.0; 189380958.88]
3,left,5.6017180000026205e-05,552,1.5,1.49,0.011913887759999965,1,1,average
3,left,4.423586999962481e-05,3487,1.5,1.49,0.07565409792000026,1,1,[3.0; 4.0]; [0.0; 189380958.88]
3,left,4.426366000018334e-05,3487,1.5,1.49,0.07565409792000026,1,1,[3.0; 4.0]; [0.0; 189380958.88]
3,left,4.3878569999833414e-05,3487,1.5,1.49,0.07565409792000026,1,1,[3.0; 4.0]; [0.0; 189380958.88]
3,left,4.41530400001966e-05,3487,1.5,1.49,0.07565409792000026,1,1,[3.0; 4.0]; [0.0; 189380958.88]
3,left,4.4183159999988675e-05,3487,1.5,1.49,0.07565409792000026,1,1,[3.0; 4.0]; [0.0; 189380958.88]
3,left,4.4142859999965364e-05,3487,1.5,1.49,0.07565409792000026,1,1,average
3,left,4.42468099998905e-05,389,1.5,1.49,0.008413672859999792,1,1,[3.0; 4.0]; [0.0; 189380958.88]
3,left,4.625412999985201e-05,389,1.5,1.49,0.008413672859999792,1,1,[3.0; 4.0]; [0.0; 189380958.88]
3,left,4.5471939999970344e-05,389,1.5,1.49,0.008413672859999792,1,1,[3.0; 4.0]; [0.0; 189380958.88]
3,left,4.272904000004018e-05,389,1.5,1.49,0.008413672859999792,1,1,[3.0; 4.0]; [0.0; 189380958.88]
3,left,4.862953999975161e-05,389,1.5,1.49,0.008413672859999792,1,1,[3.0; 4.0]; [0.0; 189380958.88]
3,left,4.5466291999900924e-05,389,1.5,1.49,0.008413672859999792,1,1,average
3,left,4.430143000035969e-05,2300,1.5,1.49,0.0502735716799998,1,1,[3.0; 4.0]; [0.0; 189380958.88]
3,left,4.563457000017479e-05,2300,1.5,1.49,0.0502735716799998,1,1,[3.0; 4.0]; [0.0; 189380958.88]
3,left,4.450667000014619e-05,2300,1.5,1.49,0.0502735716799998,1,1,[3.0; 4.0]; [0.0; 189380958.88]
3,left,4.459289999999782e-05,2300,1.5,1.49,0.0502735716799998,1,1,[3.0; 4.0]; [0.0; 189380958.88]
3,left,4.4682469999770545e-05,2300,1.5,1.49,0.0502735716799998,1,1,[3.0; 4.0]; [0.0; 189380958.88]
3,left,4.4743608000089804e-05,2300,1.5,1.49,0.0502735716799998,1,1,average
3,left,4.416763999984141e-05,4636,1.5,1.49,0.10040750575000004,1,1,[3.0; 4.0]; [0.0; 189380958.88]
3,left,5.634369000006245e-05,4636,1.5,1.49,0.10040750575000004,1,1,[3.0; 4.0]; [0.0; 189380958.88]
3,left,4.673916000001554e-05,4636,1.5,1.49,0.10040750575000004,1,1,[3.0; 4.0]; [0.0; 189380958.88]
3,left,4.4252409999785413e-05,4636,1.5,1.49,0.10040750575000004,1,1,[3.0; 4.0]; [0.0; 189380958.88]
3,left,4.3612910000092595e-05,4636,1.5,1.49,0.10040750575000004,1,1,[3.0; 4.0]; [0.0; 189380958.88]
3,left,4.702316199995948e-05,4636,1.5,1.49,0.10040750575000004,1,1,average
3,left,4.2844930000001114e-05,689,1.5,1.49,0.015134511219999923,1,1,[3.0; 4.0]; [0.0; 189380958.88]
3,left,5.599630999995498e-05,689,1.5,1.49,0.015134511219999923,1,1,[3.0; 4.0]; [0.0; 189380958.88]
3,left,4.354051000007075e-05,689,1.5,1.49,0.015134511219999923,1,1,[3.0; 4.0]; [0.0; 189380958.88]
3,left,4.3435219999992114e-05,689,1.5,1.49,0.015134511219999923,1,1,[3.0; 4.0]; [0.0; 189380958.88]
3,left,4.36597699996355e-05,689,1.5,1.49,0.015134511219999923,1,1,[3.0; 4.0]; [0.0; 189380958.88]
3,left,4.589534799993089e-05,689,1.5,1.49,0.015134511219999923,1,1,average
3,left,4.3287390000159575e-05,1535,1.5,1.49,0.033696536280000376,1,1,[3.0; 4.0]; [0.0; 189380958.88]
3,left,4.440644999988308e-05,1535,1.5,1.49,0.033696536280000376,1,1,[3.0; 4.0]; [0.0; 189380958.88]
3,left,4.508182999984456e-05,1535,1.5,1.49,0.033696536280000376,1,1,[3.0; 4.0]; [0.0; 189380958.88]
3,left,4.422193999971569e-05,1535,1.5,1.49,0.033696536280000376,1,1,[3.0; 4.0]; [0.0; 189380958.88]
3,left,4.393860999982735e-05,1535,1.5,1.49,0.033696536280000376,1,1,[3.0; 4.0]; [0.0; 189380958.88]
3,left,4.418724399988605e-05,1535,1.5,1.49,0.033696536280000376,1,1,average
3,left,4.2861499999844454e-05,3640,1.5,1.49,0.07994413543999997,1,1,[3.0; 4.0]; [0.0; 189380958.88]
3,left,4.275484000004326e-05,3640,1.5,1.49,0.07994413543999997,1,1,[3.0; 4.0]; [0.0; 189380958.88]
3,left,4.398856000022988e-05,3640,1.5,1.49,0.07994413543999997,1,1,[3.0; 4.0]; [0.0; 189380958.88]
3,left,4.22976900000549e-05,3640,1.5,1.49,0.07994413543999997,1,1,[3.0; 4.0]; [0.0; 189380958.88]
3,left,4.264285000033396e-05,3640,1.5,1.49,0.07994413543999997,1,1,[3.0; 4.0]; [0.0; 189380958.88]
3,left,4.29090880001013e-05,3640,1.5,1.49,0.07994413543999997,1,1,average
3,left,4.3899700000338274e-05,1154,1.5,1.49,0.025436719029999607,1,1,[3.0; 4.0]; [0.0; 189380958.88]
3,left,4.332209000040166e-05,1154,1.5,1.49,0.025436719029999607,1,1,[3.0; 4.0]; [0.0; 189380958.88]
3,left,4.3705449999720256e-05,1154,1.5,1.49,0.025436719029999607,1,1,[3.0; 4.0]; [0.0; 189380958.88]
3,left,4.3252809999785315e-05,1154,1.5,1.49,0.025436719029999607,1,1,[3.0; 4.0]; [0.0; 189380958.88]
3,left,6.488620000027367e-05,1154,1.5,1.49,0.025436719029999607,1,1,[3.0; 4.0]; [0.0; 189380958.88]
3,left,4.7813250000103834e-05,1154,1.5,1.49,0.025436719029999607,1,1,average
3,left,4.376761000003171e-05,1162,1.5,1.49,0.025343201709999902,1,1,[3.0; 4.0]; [0.0; 189380958.88]
3,left,4.5381290000250374e-05,1162,1.5,1.49,0.025343201709999902,1,1,[3.0; 4.0]; [0.0; 189380958.88]
3,left,4.4744379999883675e-05,1162,1.5,1.49,0.025343201709999902,1,1,[3.0; 4.0]; [0.0; 189380958.88]
3,left,4.3788419999941653e-05,1162,1.5,1.49,0.025343201709999902,1,1,[3.0; 4.0]; [0.0; 189380958.88]
3,left,4.4188649999910014e-05,1162,1.5,1.49,0.025343201709999902,1,1,[3.0; 4.0]; [0.0; 189380958.88]
3,left,4.437407000000349e-05,1162,1.5,1.49,0.025343201709999902,1,1,average
3,left,7.452211999975589e-05,468,1.5,1.49,0.010094371440000032,1,1,[3.0; 4.0]; [0.0; 189380958.88]
3,left,5.077075000031073e-05,468,1.5,1.49,0.010094371440000032,1,1,[3.0; 4.0]; [0.0; 189380958.88]
3,left,4.470390000051339e-05,468,1.5,1.49,0.010094371440000032,1,1,[3.0; 4.0]; [0.0; 189380958.88]
3,left,4.4351729999903e-05,468,1.5,1.49,0.010094371440000032,1,1,[3.0; 4.0]; [0.0; 189380958.88]
3,left,5.265898000004654e-05,468,1.5,1.49,0.010094371440000032,1,1,[3.0; 4.0]; [0.0; 189380958.88]
3,left,5.340149600010591e-05,468,1.5,1.49,0.010094371440000032,1,1,average
3,left,4.244625000012547e-05,914,1.5,1.49,0.019848503869999944,1,1,[3.0; 4.0]; [0.0; 189380958.88]
3,left,4.298607000009724e-05,914,1.5,1.49,0.019848503869999944,1,1,[3.0; 4.0]; [0.0; 189380958.88]
3,left,4.267376000029799e-05,914,1.5,1.49,0.019848503869999944,1,1,[3.0; 4.0]; [0.0; 189380958.88]
3,left,4.297909999991134e-05,914,1.5,1.49,0.019848503869999944,1,1,[3.0; 4.0]; [0.0; 189380958.88]
3,left,5.183937000026617e-05,914,1.5,1.49,0.019848503869999944,1,1,[3.0; 4.0]; [0.0; 189380958.88]
3,left,4.4584910000139647e-05,914,1.5,1.49,0.019848503869999944,1,1,average
3,left,4.471260999991955e-05,6951,1.5,1.49,0.15181150371000002,1,1,[3.0; 4.0]; [0.0; 189380958.88]
3,left,4.472001999999975e-05,6951,1.5,1.49,0.15181150371000002,1,1,[3.0; 4.0]; [0.0; 189380958.88]
3,left,4.904588000044896e-05,6951,1.5,1.49,0.15181150371000002,1,1,[3.0; 4.0]; [0.0; 189380958.88]
3,left,5.485708000037448e-05,6951,1.5,1.49,0.15181150371000002,1,1,[3.0; 4.0]; [0.0; 189380958.88]
3,left,4.474998000034702e-05,6951,1.5,1.49,0.15181150371000002,1,1,[3.0; 4.0]; [0.0; 189380958.88]
3,left,4.761711400021796e-05,6951,1.5,1.49,0.15181150371000002,1,1,average
3,left,4.5017719999691506e-05,1371,1.5,1.49,0.029937240319999888,1,1,[3.0; 4.0]; [0.0; 189380958.88]
3,left,4.31490500000109e-05,1371,1.5,1.49,0.029937240319999888,1,1,[3.0; 4.0]; [0.0; 189380958.88]
3,left,4.2783459999782284e-05,1371,1.5,1.49,0.029937240319999888,1,1,[3.0; 4.0]; [0.0; 189380958.88]
3,left,4.290856999944026e-05,1371,1.5,1.49,0.029937240319999888,1,1,[3.0; 4.0]; [0.0; 189380958.88]
3,left,4.380233999995653e-05,1371,1.5,1.49,0.029937240319999888,1,1,[3.0; 4.0]; [0.0; 189380958.88]
3,left,4.3532227999776295e-05,1371,1.5,1.49,0.029937240319999888,1,1,average
3,left,4.436351999970611e-05,926,1.5,1.49,0.020287805160000404,1,1,[3.0; 4.0]; [0.0; 189380958.88]
3,left,4.21053499997015e-05,926,1.5,1.49,0.020287805160000404,1,1,[3.0; 4.0]; [0.0; 189380958.88]
3,left,4.586818000007043e-05,926,1.5,1.49,0.020287805160000404,1,1,[3.0; 4.0]; [0.0; 189380958.88]
3,left,4.5435130000441857e-05,926,1.5,1.49,0.020287805160000404,1,1,[3.0; 4.0]; [0.0; 189380958.88]
3,left,4.336478000027455e-05,926,1.5,1.49,0.020287805160000404,1,1,[3.0; 4.0]; [0.0; 189380958.88]
3,left,4.422739200003889e-05,926,1.5,1.49,0.020287805160000404,1,1,average
3,left,4.4807279999758974e-05,583,1.5,1.49,0.012836499310000136,1,1,[3.0; 4.0]; [0.0; 189380958.88]
3,left,5.129624000005606e-05,583,1.5,1.49,0.012836499310000136,1,1,[3.0; 4.0]; [0.0; 189380958.88]
3,left,4.422741999974278e-05,583,1.5,1.49,0.012836499310000136,1,1,[3.0; 4.0]; [0.0; 189380958.88]
3,left,4.306809000013345e-05,583,1.5,1.49,0.012836499310000136,1,1,[3.0; 4.0]; [0.0; 189380958.88]
3,left,4.365228000040133e-05,583,1.5,1.49,0.012836499310000136,1,1,[3.0; 4.0]; [0.0; 189380958.88]
3,left,4.5410262000018524e-05,583,1.5,1.49,0.012836499310000136,1,1,average
3,left,5.459726000026422e-05,458,1.5,1.49,0.009865612780000105,1,1,[3.0; 4.0]; [0.0; 189380958.88]
3,left,4.309159000001728e-05,458,1.5,1.49,0.009865612780000105,1,1,[3.0; 4.0]; [0.0; 189380958.88]
3,left,5.3811210000276334e-05,458,1.5,1.49,0.009865612780000105,1,1,[3.0; 4.0]; [0.0; 189380958.88]
3,left,4.365382999992562e-05,458,1.5,1.49,0.009865612780000105,1,1,[3.0; 4.0]; [0.0; 189380958.88]
3,left,4.349735000005239e-05,458,1.5,1.49,0.009865612780000105,1,1,[3.0; 4.0]; [0.0; 189380958.88]
3,left,4.7730248000107164e-05,458,1.5,1.49,0.009865612780000105,1,1,average
3,left,4.422378000015215e-05,1391,1.5,1.49,0.03029624324999986,1,1,[3.0; 4.0]; [0.0; 189380958.88]
3,left,4.5010470000192985e-05,1391,1.5,1.49,0.03029624324999986,1,1,[3.0; 4.0]; [0.0; 189380958.88]
3,left,5.884747999971296e-05,1391,1.5,1.49,0.03029624324999986,1,1,[3.0; 4.0]; [0.0; 189380958.88]
3,left,4.3775660000164865e-05,1391,1.5,1.49,0.03029624324999986,1,1,[3.0; 4.0]; [0.0; 189380958.88]
3,left,4.3721060000052605e-05,1391,1.5,1.49,0.03029624324999986,1,1,[3.0; 4.0]; [0.0; 189380958.88]
3,left,4.711569000005511e-05,1391,1.5,1.49,0.03029624324999986,1,1,average
3,left,5.280781999999817e-05,6908,1.5,1.49,0.1515905256000002,1,1,[3.0; 4.0]; [0.0; 189380958.88]
3,left,4.608130999997684e-05,6908,1.5,1.49,0.1515905256000002,1,1,[3.0; 4.0]; [0.0; 189380958.88]
3,left,4.45406399995818e-05,6908,1.5,1.49,0.1515905256000002,1,1,[3.0; 4.0]; [0.0; 189380958.88]
3,left,4.583372999945823e-05,6908,1.5,1.49,0.1515905256000002,1,1,[3.0; 4.0]; [0.0; 189380958.88]
3,left,4.599554999970223e-05,6908,1.5,1.49,0.1515905256000002,1,1,[3.0; 4.0]; [0.0; 189380958.88]
3,left,4.705180999974345e-05,6908,1.5,1.49,0.1515905256000002,1,1,average
3,left,4.304770000032932e-05,612,1.5,1.49,0.013496206570000027,1,1,[3.0; 4.0]; [0.0; 189380958.88]
3,left,4.215004999991834e-05,612,1.5,1.49,0.013496206570000027,1,1,[3.0; 4.0]; [0.0; 189380958.88]
3,left,4.509591999976692e-05,612,1.5,1.49,0.013496206570000027,1,1,[3.0; 4.0]; [0.0; 189380958.88]
3,left,4.232973999990008e-05,612,1.5,1.49,0.013496206570000027,1,1,[3.0; 4.0]; [0.0; 189380958.88]
3,left,4.23349799996231e-05,612,1.5,1.49,0.013496206570000027,1,1,[3.0; 4.0]; [0.0; 189380958.88]
3,left,4.2991677999907555e-05,612,1.5,1.49,0.013496206570000027,1,1,average
3,left,4.20240900001545e-05,914,1.5,1.49,0.01985873973000025,1,1,[3.0; 4.0]; [0.0; 189380958.88]
3,left,4.3401249999988064e-05,914,1.5,1.49,0.01985873973000025,1,1,[3.0; 4.0]; [0.0; 189380958.88]
3,left,4.488504999983434e-05,914,1.5,1.49,0.01985873973000025,1,1,[3.0; 4.0]; [0.0; 189380958.88]
3,left,4.3120939999994334e-05,914,1.5,1.49,0.01985873973000025,1,1,[3.0; 4.0]; [0.0; 189380958.88]
3,left,4.3173889999934544e-05,914,1.5,1.49,0.01985873973000025,1,1,[3.0; 4.0]; [0.0; 189380958.88]
3,left,4.3321043999981156e-05,914,1.5,1.49,0.01985873973000025,1,1,average
3,left,4.411021999999321e-05,1824,1.5,1.49,0.039624334340000476,1,1,[3.0; 4.0]; [0.0; 189380958.88]
3,left,4.281281000032777e-05,1824,1.5,1.49,0.039624334340000476,1,1,[3.0; 4.0]; [0.0; 189380958.88]
3,left,5.3017430000181774e-05,1824,1.5,1.49,0.039624334340000476,1,1,[3.0; 4.0]; [0.0; 189380958.88]
3,left,4.2720319999602904e-05,1824,1.5,1.49,0.039624334340000476,1,1,[3.0; 4.0]; [0.0; 189380958.88]
3,left,4.184228000042367e-05,1824,1.5,1.49,0.039624334340000476,1,1,[3.0; 4.0]; [0.0; 189380958.88]
3,left,4.490061200010586e-05,1824,1.5,1.49,0.039624334340000476,1,1,average
3,left,4.4542600000454514e-05,13874,1.5,1.49,0.30270361864999984,1,1,[3.0; 4.0]; [0.0; 189380958.88]
3,left,4.326026000001093e-05,13874,1.5,1.49,0.30270361864999984,1,1,[3.0; 4.0]; [0.0; 189380958.88]
3,left,4.678842000032546e-05,13874,1.5,1.49,0.30270361864999984,1,1,[3.0; 4.0]; [0.0; 189380958.88]
3,left,4.45522100000062e-05,13874,1.5,1.49,0.30270361864999984,1,1,[3.0; 4.0]; [0.0; 189380958.88]
3,left,4.3491479999602234e-05,13874,1.5,1.49,0.30270361864999984,1,1,[3.0; 4.0]; [0.0; 189380958.88]
3,left,4.4526994000079864e-05,13874,1.5,1.49,0.30270361864999984,1,1,average
3,left,4.372087999968244e-05,2308,1.5,1.49,0.05001287091999984,1,1,[3.0; 4.0]; [0.0; 189380958.88]
3,left,4.313908000028732e-05,2308,1.5,1.49,0.05001287091999984,1,1,[3.0; 4.0]; [0.0; 189380958.88]
3,left,4.446768000036627e-05,2308,1.5,1.49,0.05001287091999984,1,1,[3.0; 4.0]; [0.0; 189380958.88]
3,left,4.315512000005128e-05,2308,1.5,1.49,0.05001287091999984,1,1,[3.0; 4.0]; [0.0; 189380958.88]
3,left,4.285777999996299e-05,2308,1.5,1.49,0.05001287091999984,1,1,[3.0; 4.0]; [0.0; 189380958.88]
3,left,4.346810800007006e-05,2308,1.5,1.49,0.05001287091999984,1,1,average
3,left,4.326030000015635e-05,4592,1.5,1.49,0.10027672515000007,1,1,[3.0; 4.0]; [0.0; 189380958.88]
3,left,4.420331000005717e-05,4592,1.5,1.49,0.10027672515000007,1,1,[3.0; 4.0]; [0.0; 189380958.88]
3,left,4.43181100001766e-05,4592,1.5,1.49,0.10027672515000007,1,1,[3.0; 4.0]; [0.0; 189380958.88]
3,left,4.438943999957701e-05,4592,1.5,1.49,0.10027672515000007,1,1,[3.0; 4.0]; [0.0; 189380958.88]
3,left,4.4924559999799386e-05,4592,1.5,1.49,0.10027672515000007,1,1,[3.0; 4.0]; [0.0; 189380958.88]
3,left,4.42191439999533e-05,4592,1.5,1.49,0.10027672515000007,1,1,average
3,left,4.402212999991661e-05,1160,1.5,1.49,0.025132879790000402,1,1,[3.0; 4.0]; [0.0; 189380958.88]
3,left,5.876913999998123e-05,1160,1.5,1.49,0.025132879790000402,1,1,[3.0; 4.0]; [0.0; 189380958.88]
3,left,4.737872999953652e-05,1160,1.5,1.49,0.025132879790000402,1,1,[3.0; 4.0]; [0.0; 189380958.88]
3,left,4.395511999973678e-05,1160,1.5,1.49,0.025132879790000402,1,1,[3.0; 4.0]; [0.0; 189380958.88]
3,left,4.439383999965685e-05,1160,1.5,1.49,0.025132879790000402,1,1,[3.0; 4.0]; [0.0; 189380958.88]
3,left,4.7703791999765596e-05,1160,1.5,1.49,0.025132879790000402,1,1,average
3,left,5.891457000018363e-05,3461,1.5,1.49,0.07582872705999989,1,1,[3.0; 4.0]; [0.0; 189380958.88]
3,left,4.513357000007545e-05,3461,1.5,1.49,0.07582872705999989,1,1,[3.0; 4.0]; [0.0; 189380958.88]
3,left,4.646693999973195e-05,3461,1.5,1.49,0.07582872705999989,1,1,[3.0; 4.0]; [0.0; 189380958.88]
3,left,4.4169369999735864e-05,3461,1.5,1.49,0.07582872705999989,1,1,[3.0; 4.0]; [0.0; 189380958.88]
3,left,4.2834710000079214e-05,3461,1.5,1.49,0.07582872705999989,1,1,[3.0; 4.0]; [0.0; 189380958.88]
3,left,4.750383199996122e-05,3461,1.5,1.49,0.07582872705999989,1,1,average
3,left,4.378003999988778e-05,1736,1.5,1.49,0.03792718277999995,1,1,[3.0; 4.0]; [0.0; 189380958.88]
3,left,4.507055999965814e-05,1736,1.5,1.49,0.03792718277999995,1,1,[3.0; 4.0]; [0.0; 189380958.88]
3,left,4.376352999997835e-05,1736,1.5,1.49,0.03792718277999995,1,1,[3.0; 4.0]; [0.0; 189380958.88]
3,left,4.350213999998687e-05,1736,1.5,1.49,0.03792718277999995,1,1,[3.0; 4.0]; [0.0; 189380958.88]
3,left,4.3738880000319116e-05,1736,1.5,1.49,0.03792718277999995,1,1,[3.0; 4.0]; [0.0; 189380958.88]
3,left,4.397102999996605e-05,1736,1.5,1.49,0.03792718277999995,1,1,average
3,left,4.389221999986148e-05,731,1.5,1.49,0.01599082590000023,1,1,[3.0; 4.0]; [0.0; 189380958.88]
3,left,4.254678999984662e-05,731,1.5,1.49,0.01599082590000023,1,1,[3.0; 4.0]; [0.0; 189380958.88]
3,left,4.302455999948052e-05,731,1.5,1.49,0.01599082590000023,1,1,[3.0; 4.0]; [0.0; 189380958.88]
3,left,4.319713999962005e-05,731,1.5,1.49,0.01599082590000023,1,1,[3.0; 4.0]; [0.0; 189380958.88]
3,left,5.5874260000337016e-05,731,1.5,1.49,0.01599082590000023,1,1,[3.0; 4.0]; [0.0; 189380958.88]
3,left,4.5706993999829135e-05,731,1.5,1.49,0.01599082590000023,1,1,average
