zoom_level,alternative,avg_time_in_seconds,number_of_samples,example
1,left,0.00316231849,233,[5.0;  9.0];  [757523835.5;  1515047671.0]
1,right,0.007910662650000002,233,[5.0;  9.0];  [757523835.5;  1515047671.0]
1,left,0.0029367221600000003,233,[5.0;  9.0];  [0.0;  757523835.5]
1,right,0.007754059749999999,233,[5.0;  9.0];  [0.0;  757523835.5]
1,left,0.004476296849999999,233,[2.0;  6.0];  [0.0;  757523835.5]
1,right,0.005016043520000002,233,[2.0;  6.0];  [0.0;  757523835.5]
1,left,0.0018448789000000065,233,[3.0;  7.0];  [300000000;  1057523835.5]
1,right,0.007908693190000005,233,[3.0;  7.0];  [300000000;  1057523835.5]
1,left,0.0028236313800000003,233,[4.5;  8.5];  [300000000;  1057523835.5]
1,right,0.00785034199,233,[4.5;  8.5];  [300000000;  1057523835.5]
1,left,0.003048769556000001,233,average
1,right,0.007287960220000002,233,average
1,left,0.01459222563,1178,[5.0;  9.0];  [757523835.5;  1515047671.0]
1,right,0.03049986046999999,1178,[5.0;  9.0];  [757523835.5;  1515047671.0]
1,left,0.014259387679999999,1178,[5.0;  9.0];  [0.0;  757523835.5]
1,right,0.03020038144999999,1178,[5.0;  9.0];  [0.0;  757523835.5]
1,left,0.021825626589999984,1178,[2.0;  6.0];  [0.0;  757523835.5]
1,right,0.03003987000000002,1178,[2.0;  6.0];  [0.0;  757523835.5]
1,left,0.015654744799999988,1178,[3.0;  7.0];  [300000000;  1057523835.5]
1,right,0.03264719437,1178,[3.0;  7.0];  [300000000;  1057523835.5]
1,left,0.014289490110000002,1178,[4.5;  8.5];  [300000000;  1057523835.5]
1,right,0.03683886887,1178,[4.5;  8.5];  [300000000;  1057523835.5]
1,left,0.016124294961999994,1178,average
1,right,0.032045235032,1178,average
1,left,0.009401653010000004,596,[5.0;  9.0];  [757523835.5;  1515047671.0]
1,right,0.01897042391999996,596,[5.0;  9.0];  [757523835.5;  1515047671.0]
1,left,0.00927408118999999,596,[5.0;  9.0];  [0.0;  757523835.5]
1,right,0.01859454006,596,[5.0;  9.0];  [0.0;  757523835.5]
1,left,0.012709213720000036,596,[2.0;  6.0];  [0.0;  757523835.5]
1,right,0.015537636429999963,596,[2.0;  6.0];  [0.0;  757523835.5]
1,left,0.008911748839999945,596,[3.0;  7.0];  [300000000;  1057523835.5]
1,right,0.018946997800000035,596,[3.0;  7.0];  [300000000;  1057523835.5]
1,left,0.005768695379999969,596,[4.5;  8.5];  [300000000;  1057523835.5]
1,right,0.01890742854999999,596,[4.5;  8.5];  [300000000;  1057523835.5]
1,left,0.009213078427999987,596,average
1,right,0.01819140535199999,596,average
1,left,0.007277699169999962,590,[5.0;  9.0];  [757523835.5;  1515047671.0]
1,right,0.015469141900000025,590,[5.0;  9.0];  [757523835.5;  1515047671.0]
1,left,0.00710658334999998,590,[5.0;  9.0];  [0.0;  757523835.5]
1,right,0.015145993430000004,590,[5.0;  9.0];  [0.0;  757523835.5]
1,left,0.010941478969999991,590,[2.0;  6.0];  [0.0;  757523835.5]
1,right,0.015070230939999974,590,[2.0;  6.0];  [0.0;  757523835.5]
1,left,0.007722251730000025,590,[3.0;  7.0];  [300000000;  1057523835.5]
1,right,0.016446436129999995,590,[3.0;  7.0];  [300000000;  1057523835.5]
1,left,0.007113421240000051,590,[4.5;  8.5];  [300000000;  1057523835.5]
1,right,0.018557448779999958,590,[4.5;  8.5];  [300000000;  1057523835.5]
1,left,0.008032286892000001,590,average
1,right,0.01613785023599999,590,average
1,left,0.009721643290000017,785,[5.0;  9.0];  [757523835.5;  1515047671.0]
1,right,0.02055835049999999,785,[5.0;  9.0];  [757523835.5;  1515047671.0]
1,left,0.009576210999999972,785,[5.0;  9.0];  [0.0;  757523835.5]
1,right,0.020435265939999992,785,[5.0;  9.0];  [0.0;  757523835.5]
1,left,0.01456560765000006,785,[2.0;  6.0];  [0.0;  757523835.5]
1,right,0.020220687589999925,785,[2.0;  6.0];  [0.0;  757523835.5]
1,left,0.01031127417999997,785,[3.0;  7.0];  [300000000;  1057523835.5]
1,right,0.02209952309000002,785,[3.0;  7.0];  [300000000;  1057523835.5]
1,left,0.009505305590000006,785,[4.5;  8.5];  [300000000;  1057523835.5]
1,right,0.024518609580000118,785,[4.5;  8.5];  [300000000;  1057523835.5]
1,left,0.010736008342000005,785,average
1,right,0.021566487340000006,785,average
1,left,0.009102195780000101,677,[5.0;  9.0];  [757523835.5;  1515047671.0]
1,right,0.02184451246000009,677,[5.0;  9.0];  [757523835.5;  1515047671.0]
1,left,0.00904724023,677,[5.0;  9.0];  [0.0;  757523835.5]
1,right,0.021102342500000048,677,[5.0;  9.0];  [0.0;  757523835.5]
1,left,0.014043098970000046,677,[2.0;  6.0];  [0.0;  757523835.5]
1,right,0.018386094319999984,677,[2.0;  6.0];  [0.0;  757523835.5]
1,left,0.008640641009999967,677,[3.0;  7.0];  [300000000;  1057523835.5]
1,right,0.021275027240000098,677,[3.0;  7.0];  [300000000;  1057523835.5]
1,left,0.00905589550000002,677,[4.5;  8.5];  [300000000;  1057523835.5]
1,right,0.020873501490000022,677,[4.5;  8.5];  [300000000;  1057523835.5]
1,left,0.009977814298000025,677,average
1,right,0.020696295602000047,677,average
1,left,0.014367739629999932,894,[5.0;  9.0];  [757523835.5;  1515047671.0]
1,right,0.02814105644999998,894,[5.0;  9.0];  [757523835.5;  1515047671.0]
1,left,0.014094036989999949,894,[5.0;  9.0];  [0.0;  757523835.5]
1,right,0.027944973840000102,894,[5.0;  9.0];  [0.0;  757523835.5]
1,left,0.01912436912000004,894,[2.0;  6.0];  [0.0;  757523835.5]
1,right,0.02223247121,894,[2.0;  6.0];  [0.0;  757523835.5]
1,left,0.013531964689999967,894,[3.0;  7.0];  [300000000;  1057523835.5]
1,right,0.027958486120000004,894,[3.0;  7.0];  [300000000;  1057523835.5]
1,left,0.008598338399999931,894,[4.5;  8.5];  [300000000;  1057523835.5]
1,right,0.027977267929999952,894,[4.5;  8.5];  [300000000;  1057523835.5]
1,left,0.013943289765999964,894,average
1,right,0.026850851110000008,894,average
1,left,0.007329264959999904,541,[5.0;  9.0];  [757523835.5;  1515047671.0]
1,right,0.01764540230999998,541,[5.0;  9.0];  [757523835.5;  1515047671.0]
1,left,0.007231221730000073,541,[5.0;  9.0];  [0.0;  757523835.5]
1,right,0.017163827079999975,541,[5.0;  9.0];  [0.0;  757523835.5]
1,left,0.011175421100000022,541,[2.0;  6.0];  [0.0;  757523835.5]
1,right,0.01482532591000009,541,[2.0;  6.0];  [0.0;  757523835.5]
1,left,0.00690512506999994,541,[3.0;  7.0];  [300000000;  1057523835.5]
1,right,0.01753932622999997,541,[3.0;  7.0];  [300000000;  1057523835.5]
1,left,0.007261165939999898,541,[4.5;  8.5];  [300000000;  1057523835.5]
1,right,0.016938048900000238,541,[4.5;  8.5];  [300000000;  1057523835.5]
1,left,0.007980439759999968,541,average
1,right,0.016822386086000053,541,average
1,left,0.018840707969999926,1351,[5.0;  9.0];  [757523835.5;  1515047671.0]
1,right,0.04321225475999995,1351,[5.0;  9.0];  [757523835.5;  1515047671.0]
1,left,0.01843506843,1351,[5.0;  9.0];  [0.0;  757523835.5]
1,right,0.04236547478999995,1351,[5.0;  9.0];  [0.0;  757523835.5]
1,left,0.02800802324000017,1351,[2.0;  6.0];  [0.0;  757523835.5]
1,right,0.036909233640000136,1351,[2.0;  6.0];  [0.0;  757523835.5]
1,left,0.017595207230000087,1351,[3.0;  7.0];  [300000000;  1057523835.5]
1,right,0.043064393570000165,1351,[3.0;  7.0];  [300000000;  1057523835.5]
1,left,0.018230651300000032,1351,[4.5;  8.5];  [300000000;  1057523835.5]
1,right,0.04209330645999984,1351,[4.5;  8.5];  [300000000;  1057523835.5]
1,left,0.020221931634000045,1351,average
1,right,0.04152893264400001,1351,average
1,left,0.003648391399999866,293,[5.0;  9.0];  [757523835.5;  1515047671.0]
1,right,0.010022367820000114,293,[5.0;  9.0];  [757523835.5;  1515047671.0]
1,left,0.003463263760000075,293,[5.0;  9.0];  [0.0;  757523835.5]
1,right,0.009313348080000027,293,[5.0;  9.0];  [0.0;  757523835.5]
1,left,0.005563856110000245,293,[2.0;  6.0];  [0.0;  757523835.5]
1,right,0.006099475059999975,293,[2.0;  6.0];  [0.0;  757523835.5]
1,left,0.0022805986800000255,293,[3.0;  7.0];  [300000000;  1057523835.5]
1,right,0.009642776579999861,293,[3.0;  7.0];  [300000000;  1057523835.5]
1,left,0.0035201140899999927,293,[4.5;  8.5];  [300000000;  1057523835.5]
1,right,0.009765404660000173,293,[4.5;  8.5];  [300000000;  1057523835.5]
1,left,0.003695244808000041,293,average
1,right,0.008968674440000029,293,average
1,left,0.004774331620000112,298,[5.0;  9.0];  [757523835.5;  1515047671.0]
1,right,0.009818459029999928,298,[5.0;  9.0];  [757523835.5;  1515047671.0]
1,left,0.0045870913900000684,298,[5.0;  9.0];  [0.0;  757523835.5]
1,right,0.009302715620000014,298,[5.0;  9.0];  [0.0;  757523835.5]
1,left,0.006272243370000013,298,[2.0;  6.0];  [0.0;  757523835.5]
1,right,0.007426987970000028,298,[2.0;  6.0];  [0.0;  757523835.5]
1,left,0.004443154699999923,298,[3.0;  7.0];  [300000000;  1057523835.5]
1,right,0.009416669829999762,298,[3.0;  7.0];  [300000000;  1057523835.5]
1,left,0.0028486082800000647,298,[4.5;  8.5];  [300000000;  1057523835.5]
1,right,0.009411547580000103,298,[4.5;  8.5];  [300000000;  1057523835.5]
1,left,0.004585085872000036,298,average
1,right,0.009075276005999968,298,average
1,left,0.0060605947099998045,450,[5.0;  9.0];  [757523835.5;  1515047671.0]
1,right,0.014781999730000167,450,[5.0;  9.0];  [757523835.5;  1515047671.0]
1,left,0.005999940949999996,450,[5.0;  9.0];  [0.0;  757523835.5]
1,right,0.014225208070000122,450,[5.0;  9.0];  [0.0;  757523835.5]
1,left,0.009312863789999994,450,[2.0;  6.0];  [0.0;  757523835.5]
1,right,0.01234639216000005,450,[2.0;  6.0];  [0.0;  757523835.5]
1,left,0.005687505590000228,450,[3.0;  7.0];  [300000000;  1057523835.5]
1,right,0.01437143329999998,450,[3.0;  7.0];  [300000000;  1057523835.5]
1,left,0.005925075460000073,450,[4.5;  8.5];  [300000000;  1057523835.5]
1,right,0.01396791941999993,450,[4.5;  8.5];  [300000000;  1057523835.5]
1,left,0.006597196100000019,450,average
1,right,0.01393859053600005,450,average
1,left,0.015516298180000093,1077,[5.0;  9.0];  [757523835.5;  1515047671.0]
1,right,0.030564574619999972,1077,[5.0;  9.0];  [757523835.5;  1515047671.0]
1,left,0.015040615730000014,1077,[5.0;  9.0];  [0.0;  757523835.5]
1,right,0.030530979809999793,1077,[5.0;  9.0];  [0.0;  757523835.5]
1,left,0.021024446430000125,1077,[2.0;  6.0];  [0.0;  757523835.5]
1,right,0.03085754369,1077,[2.0;  6.0];  [0.0;  757523835.5]
1,left,0.014985187190000034,1077,[3.0;  7.0];  [300000000;  1057523835.5]
1,right,0.03190119776000017,1077,[3.0;  7.0];  [300000000;  1057523835.5]
1,left,0.01241578421999975,1077,[4.5;  8.5];  [300000000;  1057523835.5]
1,right,0.030630907700000022,1077,[4.5;  8.5];  [300000000;  1057523835.5]
1,left,0.015796466350000003,1077,average
1,right,0.03089704071599999,1077,average
1,left,0.004720799870000007,389,[5.0;  9.0];  [757523835.5;  1515047671.0]
1,right,0.01318142636999994,389,[5.0;  9.0];  [757523835.5;  1515047671.0]
1,left,0.0046734029500001386,389,[5.0;  9.0];  [0.0;  757523835.5]
1,right,0.012278645130000144,389,[5.0;  9.0];  [0.0;  757523835.5]
1,left,0.007287932600000034,389,[2.0;  6.0];  [0.0;  757523835.5]
1,right,0.008090754110000091,389,[2.0;  6.0];  [0.0;  757523835.5]
1,left,0.0030053608299999723,389,[3.0;  7.0];  [300000000;  1057523835.5]
1,right,0.012658299839999927,389,[3.0;  7.0];  [300000000;  1057523835.5]
1,left,0.00459554589999982,389,[4.5;  8.5];  [300000000;  1057523835.5]
1,right,0.012691566790000195,389,[4.5;  8.5];  [300000000;  1057523835.5]
1,left,0.004856608429999994,389,average
1,right,0.01178013844800006,389,average
1,left,0.0056131117099999985,358,[5.0;  9.0];  [757523835.5;  1515047671.0]
1,right,0.01179164856,358,[5.0;  9.0];  [757523835.5;  1515047671.0]
1,left,0.005466284800000097,358,[5.0;  9.0];  [0.0;  757523835.5]
1,right,0.01115927223,358,[5.0;  9.0];  [0.0;  757523835.5]
1,left,0.0075789688900002265,358,[2.0;  6.0];  [0.0;  757523835.5]
1,right,0.008901560639999957,358,[2.0;  6.0];  [0.0;  757523835.5]
1,left,0.0052835895999999135,358,[3.0;  7.0];  [300000000;  1057523835.5]
1,right,0.01129420930000009,358,[3.0;  7.0];  [300000000;  1057523835.5]
1,left,0.0033959133700000167,358,[4.5;  8.5];  [300000000;  1057523835.5]
1,right,0.011290703020000023,358,[4.5;  8.5];  [300000000;  1057523835.5]
1,left,0.00546757367400005,358,average
1,right,0.010887478750000014,358,average
1,left,0.030535608840000065,2150,[5.0;  9.0];  [757523835.5;  1515047671.0]
1,right,0.06038237965999997,2150,[5.0;  9.0];  [757523835.5;  1515047671.0]
1,left,0.0300797119500001,2150,[5.0;  9.0];  [0.0;  757523835.5]
1,right,0.060706909370000235,2150,[5.0;  9.0];  [0.0;  757523835.5]
1,left,0.0413264915000002,2150,[2.0;  6.0];  [0.0;  757523835.5]
1,right,0.06079952013999957,2150,[2.0;  6.0];  [0.0;  757523835.5]
1,left,0.02977937833999988,2150,[3.0;  7.0];  [300000000;  1057523835.5]
1,right,0.06295143960000019,2150,[3.0;  7.0];  [300000000;  1057523835.5]
1,left,0.024729525019999983,2150,[4.5;  8.5];  [300000000;  1057523835.5]
1,right,0.06077031555000019,2150,[4.5;  8.5];  [300000000;  1057523835.5]
1,left,0.031290143130000045,2150,average
1,right,0.06112211286400003,2150,average
1,left,0.0024826738199999455,194,[5.0;  9.0];  [757523835.5;  1515047671.0]
1,right,0.006476329490000126,194,[5.0;  9.0];  [757523835.5;  1515047671.0]
1,left,0.00234472291999964,194,[5.0;  9.0];  [0.0;  757523835.5]
1,right,0.006154311399999984,194,[5.0;  9.0];  [0.0;  757523835.5]
1,left,0.0036970684799996433,194,[2.0;  6.0];  [0.0;  757523835.5]
1,right,0.004058764449999899,194,[2.0;  6.0];  [0.0;  757523835.5]
1,left,0.0014947054300000673,194,[3.0;  7.0];  [300000000;  1057523835.5]
1,right,0.006440582890000428,194,[3.0;  7.0];  [300000000;  1057523835.5]
1,left,0.0023072987599999806,194,[4.5;  8.5];  [300000000;  1057523835.5]
1,right,0.0064328183300000315,194,[4.5;  8.5];  [300000000;  1057523835.5]
1,left,0.0024652938819998554,194,average
1,right,0.0059125613120000935,194,average
1,left,0.007016448079999691,447,[5.0;  9.0];  [757523835.5;  1515047671.0]
1,right,0.014715078209999888,447,[5.0;  9.0];  [757523835.5;  1515047671.0]
1,left,0.006838184729999739,447,[5.0;  9.0];  [0.0;  757523835.5]
1,right,0.013988127860000078,447,[5.0;  9.0];  [0.0;  757523835.5]
1,left,0.009373491399999807,447,[2.0;  6.0];  [0.0;  757523835.5]
1,right,0.010943189569999845,447,[2.0;  6.0];  [0.0;  757523835.5]
1,left,0.006508440129999826,447,[3.0;  7.0];  [300000000;  1057523835.5]
1,right,0.013824267010000425,447,[3.0;  7.0];  [300000000;  1057523835.5]
1,left,0.0042284040999999205,447,[4.5;  8.5];  [300000000;  1057523835.5]
1,right,0.01406103848999976,447,[4.5;  8.5];  [300000000;  1057523835.5]
1,left,0.0067929936879997975,447,average
1,right,0.013506340228,447,average
1,left,0.012090488640000103,901,[5.0;  9.0];  [757523835.5;  1515047671.0]
1,right,0.028598408120000158,901,[5.0;  9.0];  [757523835.5;  1515047671.0]
1,left,0.011926353769999877,901,[5.0;  9.0];  [0.0;  757523835.5]
1,right,0.027807569120000153,901,[5.0;  9.0];  [0.0;  757523835.5]
1,left,0.01856523258999971,901,[2.0;  6.0];  [0.0;  757523835.5]
1,right,0.02447080034999999,901,[2.0;  6.0];  [0.0;  757523835.5]
1,left,0.011705906750000281,901,[3.0;  7.0];  [300000000;  1057523835.5]
1,right,0.028478325099999893,901,[3.0;  7.0];  [300000000;  1057523835.5]
1,left,0.011887415819999773,901,[4.5;  8.5];  [300000000;  1057523835.5]
1,right,0.02763723230000039,901,[4.5;  8.5];  [300000000;  1057523835.5]
1,left,0.013235079513999947,901,average
1,right,0.027398466998000116,901,average
1,left,0.007005137500000274,584,[5.0;  9.0];  [757523835.5;  1515047671.0]
1,right,0.019878517850000322,584,[5.0;  9.0];  [757523835.5;  1515047671.0]
1,left,0.006971811139999886,584,[5.0;  9.0];  [0.0;  757523835.5]
1,right,0.01844453970000018,584,[5.0;  9.0];  [0.0;  757523835.5]
1,left,0.010844867810000096,584,[2.0;  6.0];  [0.0;  757523835.5]
1,right,0.011896287710000024,584,[2.0;  6.0];  [0.0;  757523835.5]
1,left,0.004517317180000191,584,[3.0;  7.0];  [300000000;  1057523835.5]
1,right,0.018765558179999857,584,[3.0;  7.0];  [300000000;  1057523835.5]
1,left,0.0069274725200000374,584,[4.5;  8.5];  [300000000;  1057523835.5]
1,right,0.019014319919999707,584,[4.5;  8.5];  [300000000;  1057523835.5]
1,left,0.007253321230000097,584,average
1,right,0.017599844672000018,584,average
1,left,0.00996789745000001,717,[5.0;  9.0];  [757523835.5;  1515047671.0]
1,right,0.020514061439999978,717,[5.0;  9.0];  [757523835.5;  1515047671.0]
1,left,0.009833659459999922,717,[5.0;  9.0];  [0.0;  757523835.5]
1,right,0.02016213174000029,717,[5.0;  9.0];  [0.0;  757523835.5]
1,left,0.013736226299999998,717,[2.0;  6.0];  [0.0;  757523835.5]
1,right,0.020371795770000176,717,[2.0;  6.0];  [0.0;  757523835.5]
1,left,0.00967260591000013,717,[3.0;  7.0];  [300000000;  1057523835.5]
1,right,0.020863211579999756,717,[3.0;  7.0];  [300000000;  1057523835.5]
1,left,0.008052887480000095,717,[4.5;  8.5];  [300000000;  1057523835.5]
1,right,0.020142842000000202,717,[4.5;  8.5];  [300000000;  1057523835.5]
1,left,0.010252655320000031,717,average
1,right,0.02041080850600008,717,average
1,left,0.005722815419999847,471,[5.0;  9.0];  [757523835.5;  1515047671.0]
1,right,0.012570682069999749,471,[5.0;  9.0];  [757523835.5;  1515047671.0]
1,left,0.005556499269999904,471,[5.0;  9.0];  [0.0;  757523835.5]
1,right,0.012171596139999678,471,[5.0;  9.0];  [0.0;  757523835.5]
1,left,0.008564943449999873,471,[2.0;  6.0];  [0.0;  757523835.5]
1,right,0.011984340079999925,471,[2.0;  6.0];  [0.0;  757523835.5]
1,left,0.006036356019999971,471,[3.0;  7.0];  [300000000;  1057523835.5]
1,right,0.01298502783999993,471,[3.0;  7.0];  [300000000;  1057523835.5]
1,left,0.005572092200000042,471,[4.5;  8.5];  [300000000;  1057523835.5]
1,right,0.014491594630000009,471,[4.5;  8.5];  [300000000;  1057523835.5]
1,left,0.006290541271999928,471,average
1,right,0.012840648151999859,471,average
1,left,0.01197905803000026,861,[5.0;  9.0];  [757523835.5;  1515047671.0]
1,right,0.024289061609999864,861,[5.0;  9.0];  [757523835.5;  1515047671.0]
1,left,0.011803938970000444,861,[5.0;  9.0];  [0.0;  757523835.5]
1,right,0.024133942060000208,861,[5.0;  9.0];  [0.0;  757523835.5]
1,left,0.016312330100000168,861,[2.0;  6.0];  [0.0;  757523835.5]
1,right,0.024450120409999842,861,[2.0;  6.0];  [0.0;  757523835.5]
1,left,0.011599043100000017,861,[3.0;  7.0];  [300000000;  1057523835.5]
1,right,0.02507763424000018,861,[3.0;  7.0];  [300000000;  1057523835.5]
1,left,0.009622650009999916,861,[4.5;  8.5];  [300000000;  1057523835.5]
1,right,0.024405008439999848,861,[4.5;  8.5];  [300000000;  1057523835.5]
1,left,0.01226340404200016,861,average
1,right,0.02447115335199999,861,average
1,left,0.02040042143999983,1434,[5.0;  9.0];  [757523835.5;  1515047671.0]
1,right,0.04049685537000016,1434,[5.0;  9.0];  [757523835.5;  1515047671.0]
1,left,0.019816103200000157,1434,[5.0;  9.0];  [0.0;  757523835.5]
1,right,0.04031933598999956,1434,[5.0;  9.0];  [0.0;  757523835.5]
1,left,0.02762490522999997,1434,[2.0;  6.0];  [0.0;  757523835.5]
1,right,0.041050827299999926,1434,[2.0;  6.0];  [0.0;  757523835.5]
1,left,0.019664282830000275,1434,[3.0;  7.0];  [300000000;  1057523835.5]
1,right,0.04212470626000027,1434,[3.0;  7.0];  [300000000;  1057523835.5]
1,left,0.01622188682000001,1434,[4.5;  8.5];  [300000000;  1057523835.5]
1,right,0.04045797486999959,1434,[4.5;  8.5];  [300000000;  1057523835.5]
1,left,0.02074551990400005,1434,average
1,right,0.0408899399579999,1434,average
1,left,0.004781751699999859,392,[5.0;  9.0];  [757523835.5;  1515047671.0]
1,right,0.010556500419999679,392,[5.0;  9.0];  [757523835.5;  1515047671.0]
1,left,0.004693799710000235,392,[5.0;  9.0];  [0.0;  757523835.5]
1,right,0.009981040710000002,392,[5.0;  9.0];  [0.0;  757523835.5]
1,left,0.007210895420000156,392,[2.0;  6.0];  [0.0;  757523835.5]
1,right,0.009950946189999855,392,[2.0;  6.0];  [0.0;  757523835.5]
1,left,0.005121062659999893,392,[3.0;  7.0];  [300000000;  1057523835.5]
1,right,0.010857019189999732,392,[3.0;  7.0];  [300000000;  1057523835.5]
1,left,0.0046706403799998955,392,[4.5;  8.5];  [300000000;  1057523835.5]
1,right,0.012057079999999587,392,[4.5;  8.5];  [300000000;  1057523835.5]
1,left,0.005295629974000008,392,average
1,right,0.010680517301999771,392,average
2,left,0.008752355509999999,671,[5.5;  7.5];  [700000000;  1078761917.5]
2,right,0.02564519745,671,[5.5;  7.5];  [700000000;  1078761917.5]
2,left,0.012963736770000001,671,[4.0;  6.0];  [0.0;  378761917.75]
2,right,0.0185236831,671,[4.0;  6.0];  [0.0;  378761917.75]
2,left,0.00973520209,671,[6.0;  8.0];  [300000000;  678761917.75]
2,right,0.018977753780000006,671,[6.0;  8.0];  [300000000;  678761917.75]
2,left,0.01568338603000001,671,[7.0;  9.0];  [200000000;  578761917.75]
2,right,0.020540815010000005,671,[7.0;  9.0];  [200000000;  578761917.75]
2,left,0.015358079029999985,671,[3.0;  5.0];  [0.0;  378761917.75]
2,right,0.018124580749999987,671,[3.0;  5.0];  [0.0;  378761917.75]
2,left,0.012498551886,671,average
2,right,0.020362406018,671,average
2,left,0.010553049840000028,928,[5.5;  7.5];  [700000000;  1078761917.5]
2,right,0.025547097180000016,928,[5.5;  7.5];  [700000000;  1078761917.5]
2,left,0.01748021115,928,[4.0;  6.0];  [0.0;  378761917.75]
2,right,0.029008076620000017,928,[4.0;  6.0];  [0.0;  378761917.75]
2,left,0.013674199139999992,928,[6.0;  8.0];  [300000000;  678761917.75]
2,right,0.02802560791000005,928,[6.0;  8.0];  [300000000;  678761917.75]
2,left,0.01848825952999995,928,[7.0;  9.0];  [200000000;  578761917.75]
2,right,0.027794493140000043,928,[7.0;  9.0];  [200000000;  578761917.75]
2,left,0.02095522631999998,928,[3.0;  5.0];  [0.0;  378761917.75]
2,right,0.028930859000000027,928,[3.0;  5.0];  [0.0;  378761917.75]
2,left,0.016230189195999993,928,average
2,right,0.027861226770000032,928,average
2,left,0.009460744739999995,948,[5.5;  7.5];  [700000000;  1078761917.5]
2,right,0.02325597521000006,948,[5.5;  7.5];  [700000000;  1078761917.5]
2,left,0.01777867888000003,948,[4.0;  6.0];  [0.0;  378761917.75]
2,right,0.024265076029999975,948,[4.0;  6.0];  [0.0;  378761917.75]
2,left,0.014034144239999975,948,[6.0;  8.0];  [300000000;  678761917.75]
2,right,0.02695735458999998,948,[6.0;  8.0];  [300000000;  678761917.75]
2,left,0.018086744699999997,948,[7.0;  9.0];  [200000000;  578761917.75]
2,right,0.025412071439999975,948,[7.0;  9.0];  [200000000;  578761917.75]
2,left,0.02158915190000002,948,[3.0;  5.0];  [0.0;  378761917.75]
2,right,0.02484776421999996,948,[3.0;  5.0];  [0.0;  378761917.75]
2,left,0.016189892892000003,948,average
2,right,0.02494764829799999,948,average
2,left,0.028250446760000044,2180,[5.5;  7.5];  [700000000;  1078761917.5]
2,right,0.05650475932999996,2180,[5.5;  7.5];  [700000000;  1078761917.5]
2,left,0.04351473417000008,2180,[4.0;  6.0];  [0.0;  378761917.75]
2,right,0.060225057480000004,2180,[4.0;  6.0];  [0.0;  378761917.75]
2,left,0.03138484195000004,2180,[6.0;  8.0];  [300000000;  678761917.75]
2,right,0.05877696223000001,2180,[6.0;  8.0];  [300000000;  678761917.75]
2,left,0.04534641531999995,2180,[7.0;  9.0];  [200000000;  578761917.75]
2,right,0.06601514678,2180,[7.0;  9.0];  [200000000;  578761917.75]
2,left,0.05018743774000001,2180,[3.0;  5.0];  [0.0;  378761917.75]
2,right,0.07045520563000011,2180,[3.0;  5.0];  [0.0;  378761917.75]
2,left,0.03973677518800002,2180,average
2,right,0.06239542629000002,2180,average
2,left,0.014261314159999898,1418,[5.5;  7.5];  [700000000;  1078761917.5]
2,right,0.03523060381999997,1418,[5.5;  7.5];  [700000000;  1078761917.5]
2,left,0.025678101499999998,1418,[4.0;  6.0];  [0.0;  378761917.75]
2,right,0.034553970830000086,1418,[4.0;  6.0];  [0.0;  378761917.75]
2,left,0.019148398490000034,1418,[6.0;  8.0];  [300000000;  678761917.75]
2,right,0.04343808953000007,1418,[6.0;  8.0];  [300000000;  678761917.75]
2,left,0.026524047799999836,1418,[7.0;  9.0];  [200000000;  578761917.75]
2,right,0.042264519390000144,1418,[7.0;  9.0];  [200000000;  578761917.75]
2,left,0.03220826031999991,1418,[3.0;  5.0];  [0.0;  378761917.75]
2,right,0.04467578190000012,1418,[3.0;  5.0];  [0.0;  378761917.75]
2,left,0.023564024453999938,1418,average
2,right,0.04003259309400008,1418,average
2,left,0.014544881589999932,1091,[5.5;  7.5];  [700000000;  1078761917.5]
2,right,0.028031295190000093,1091,[5.5;  7.5];  [700000000;  1078761917.5]
2,left,0.02204880774000003,1091,[4.0;  6.0];  [0.0;  378761917.75]
2,right,0.03063341774999998,1091,[4.0;  6.0];  [0.0;  378761917.75]
2,left,0.015587907369999812,1091,[6.0;  8.0];  [300000000;  678761917.75]
2,right,0.028299297079999803,1091,[6.0;  8.0];  [300000000;  678761917.75]
2,left,0.022777476250000178,1091,[7.0;  9.0];  [200000000;  578761917.75]
2,right,0.03175846989999997,1091,[7.0;  9.0];  [200000000;  578761917.75]
2,left,0.024710248339999907,1091,[3.0;  5.0];  [0.0;  378761917.75]
2,right,0.031140365599999883,1091,[3.0;  5.0];  [0.0;  378761917.75]
2,left,0.01993386425799997,1091,average
2,right,0.029972569103999945,1091,average
2,left,0.004763551839999991,474,[5.5;  7.5];  [700000000;  1078761917.5]
2,right,0.012104950769999902,474,[5.5;  7.5];  [700000000;  1078761917.5]
2,left,0.008625780120000003,474,[4.0;  6.0];  [0.0;  378761917.75]
2,right,0.011721560039999872,474,[4.0;  6.0];  [0.0;  378761917.75]
2,left,0.006528826679999895,474,[6.0;  8.0];  [300000000;  678761917.75]
2,right,0.013078732150000008,474,[6.0;  8.0];  [300000000;  678761917.75]
2,left,0.008907930310000154,474,[7.0;  9.0];  [200000000;  578761917.75]
2,right,0.01293978715999998,474,[7.0;  9.0];  [200000000;  578761917.75]
2,left,0.01084570508000013,474,[3.0;  5.0];  [0.0;  378761917.75]
2,right,0.012448086390000128,474,[3.0;  5.0];  [0.0;  378761917.75]
2,left,0.007934358806000035,474,average
2,right,0.012458623301999977,474,average
2,left,0.009219427430000166,837,[5.5;  7.5];  [700000000;  1078761917.5]
2,right,0.0259793379300001,837,[5.5;  7.5];  [700000000;  1078761917.5]
2,left,0.014914392729999974,837,[4.0;  6.0];  [0.0;  378761917.75]
2,right,0.022691203880000045,837,[4.0;  6.0];  [0.0;  378761917.75]
2,left,0.01058121596999996,837,[6.0;  8.0];  [300000000;  678761917.75]
2,right,0.02192785778000001,837,[6.0;  8.0];  [300000000;  678761917.75]
2,left,0.018048891819999822,837,[7.0;  9.0];  [200000000;  578761917.75]
2,right,0.025599103010000023,837,[7.0;  9.0];  [200000000;  578761917.75]
2,left,0.01919289770000006,837,[3.0;  5.0];  [0.0;  378761917.75]
2,right,0.02256178705999986,837,[3.0;  5.0];  [0.0;  378761917.75]
2,left,0.014391365129999995,837,average
2,right,0.02375185793200001,837,average
2,left,0.020945546419999916,1851,[5.5;  7.5];  [700000000;  1078761917.5]
2,right,0.05124639220000006,1851,[5.5;  7.5];  [700000000;  1078761917.5]
2,left,0.03551557159999987,1851,[4.0;  6.0];  [0.0;  378761917.75]
2,right,0.05828626481999976,1851,[4.0;  6.0];  [0.0;  378761917.75]
2,left,0.027483818729999995,1851,[6.0;  8.0];  [300000000;  678761917.75]
2,right,0.056392061079999965,1851,[6.0;  8.0];  [300000000;  678761917.75]
2,left,0.03724747965999995,1851,[7.0;  9.0];  [200000000;  578761917.75]
2,right,0.05600731840999998,1851,[7.0;  9.0];  [200000000;  578761917.75]
2,left,0.04286884027000013,1851,[3.0;  5.0];  [0.0;  378761917.75]
2,right,0.05802065553999995,1851,[3.0;  5.0];  [0.0;  378761917.75]
2,left,0.03281225133599997,1851,average
2,right,0.05599053840999994,1851,average
2,left,0.031356716409999874,2773,[5.5;  7.5];  [700000000;  1078761917.5]
2,right,0.07666564404999975,2773,[5.5;  7.5];  [700000000;  1078761917.5]
2,left,0.05305146751999985,2773,[4.0;  6.0];  [0.0;  378761917.75]
2,right,0.08695871479000004,2773,[4.0;  6.0];  [0.0;  378761917.75]
2,left,0.04083812727999998,2773,[6.0;  8.0];  [300000000;  678761917.75]
2,right,0.08438337600000011,2773,[6.0;  8.0];  [300000000;  678761917.75]
2,left,0.057354204399999845,2773,[7.0;  9.0];  [200000000;  578761917.75]
2,right,0.08438567708999983,2773,[7.0;  9.0];  [200000000;  578761917.75]
2,left,0.06338120089000028,2773,[3.0;  5.0];  [0.0;  378761917.75]
2,right,0.08614788193000038,2773,[3.0;  5.0];  [0.0;  378761917.75]
2,left,0.04919634329999996,2773,average
2,right,0.08370825877200003,2773,average
2,left,0.012221372230000043,1116,[5.5;  7.5];  [700000000;  1078761917.5]
2,right,0.03582260174999988,1116,[5.5;  7.5];  [700000000;  1078761917.5]
2,left,0.021682757870000274,1116,[4.0;  6.0];  [0.0;  378761917.75]
2,right,0.032103380120000226,1116,[4.0;  6.0];  [0.0;  378761917.75]
2,left,0.014582702590000168,1116,[6.0;  8.0];  [300000000;  678761917.75]
2,right,0.03185596288999989,1116,[6.0;  8.0];  [300000000;  678761917.75]
2,left,0.025674021229999653,1116,[7.0;  9.0];  [200000000;  578761917.75]
2,right,0.03436408905999997,1116,[7.0;  9.0];  [200000000;  578761917.75]
2,left,0.02568329073999962,1116,[3.0;  5.0];  [0.0;  378761917.75]
2,right,0.030511074839999992,1116,[3.0;  5.0];  [0.0;  378761917.75]
2,left,0.019968828931999954,1116,average
2,right,0.03293142173199999,1116,average
2,left,0.015857820800000012,1388,[5.5;  7.5];  [700000000;  1078761917.5]
2,right,0.03858622826000044,1388,[5.5;  7.5];  [700000000;  1078761917.5]
2,left,0.027215947400000006,1388,[4.0;  6.0];  [0.0;  378761917.75]
2,right,0.04401042361000009,1388,[4.0;  6.0];  [0.0;  378761917.75]
2,left,0.020689181889999873,1388,[6.0;  8.0];  [300000000;  678761917.75]
2,right,0.042424852519999945,1388,[6.0;  8.0];  [300000000;  678761917.75]
2,left,0.027943520099999546,1388,[7.0;  9.0];  [200000000;  578761917.75]
2,right,0.04261215758999981,1388,[7.0;  9.0];  [200000000;  578761917.75]
2,left,0.03219051083000011,1388,[3.0;  5.0];  [0.0;  378761917.75]
2,right,0.04356694161000007,1388,[3.0;  5.0];  [0.0;  378761917.75]
2,left,0.02477939620399991,1388,average
2,right,0.042240120718000075,1388,average
2,left,0.005600870490000034,569,[5.5;  7.5];  [700000000;  1078761917.5]
2,right,0.014577498419999984,569,[5.5;  7.5];  [700000000;  1078761917.5]
2,left,0.01038911803000019,569,[4.0;  6.0];  [0.0;  378761917.75]
2,right,0.01418767946999992,569,[4.0;  6.0];  [0.0;  378761917.75]
2,left,0.00781464330999995,569,[6.0;  8.0];  [300000000;  678761917.75]
2,right,0.01767594876999965,569,[6.0;  8.0];  [300000000;  678761917.75]
2,left,0.010693146140000068,569,[7.0;  9.0];  [200000000;  578761917.75]
2,right,0.015685876219999954,569,[7.0;  9.0];  [200000000;  578761917.75]
2,left,0.013308275740000113,569,[3.0;  5.0];  [0.0;  378761917.75]
2,right,0.01841522095999949,569,[3.0;  5.0];  [0.0;  378761917.75]
2,left,0.00956121074200007,569,average
2,right,0.0161084447679998,569,average
2,left,0.007054923979999898,709,[5.5;  7.5];  [700000000;  1078761917.5]
2,right,0.017765587579999645,709,[5.5;  7.5];  [700000000;  1078761917.5]
2,left,0.012649881019999611,709,[4.0;  6.0];  [0.0;  378761917.75]
2,right,0.017159370549999834,709,[4.0;  6.0];  [0.0;  378761917.75]
2,left,0.009606525370000441,709,[6.0;  8.0];  [300000000;  678761917.75]
2,right,0.019550485479999793,709,[6.0;  8.0];  [300000000;  678761917.75]
2,left,0.013050858060000224,709,[7.0;  9.0];  [200000000;  578761917.75]
2,right,0.01928027647000022,709,[7.0;  9.0];  [200000000;  578761917.75]
2,left,0.01666459766999992,709,[3.0;  5.0];  [0.0;  378761917.75]
2,right,0.019061042609999957,709,[3.0;  5.0];  [0.0;  378761917.75]
2,left,0.011805357220000019,709,average
2,right,0.01856335253799989,709,average
2,left,0.026092564300000162,2126,[5.5;  7.5];  [700000000;  1078761917.5]
2,right,0.0629127862599995,2126,[5.5;  7.5];  [700000000;  1078761917.5]
2,left,0.041857049449999975,2126,[4.0;  6.0];  [0.0;  378761917.75]
2,right,0.06488864828999966,2126,[4.0;  6.0];  [0.0;  378761917.75]
2,left,0.02875743020000016,2126,[6.0;  8.0];  [300000000;  678761917.75]
2,right,0.06202713520999964,2126,[6.0;  8.0];  [300000000;  678761917.75]
2,left,0.04384666646000028,2126,[7.0;  9.0];  [200000000;  578761917.75]
2,right,0.06566834096000036,2126,[7.0;  9.0];  [200000000;  578761917.75]
2,left,0.04860155018,2126,[3.0;  5.0];  [0.0;  378761917.75]
2,right,0.06494298839999998,2126,[3.0;  5.0];  [0.0;  378761917.75]
2,left,0.03783105211800012,2126,average
2,right,0.06408797982399983,2126,average
2,left,0.019451217129999917,1457,[5.5;  7.5];  [700000000;  1078761917.5]
2,right,0.0379240279000004,1457,[5.5;  7.5];  [700000000;  1078761917.5]
2,left,0.02942876354999953,1457,[4.0;  6.0];  [0.0;  378761917.75]
2,right,0.04070762646999981,1457,[4.0;  6.0];  [0.0;  378761917.75]
2,left,0.021668188030000125,1457,[6.0;  8.0];  [300000000;  678761917.75]
2,right,0.03848208863000025,1457,[6.0;  8.0];  [300000000;  678761917.75]
2,left,0.031341835289999835,1457,[7.0;  9.0];  [200000000;  578761917.75]
2,right,0.042062311799999745,1457,[7.0;  9.0];  [200000000;  578761917.75]
2,left,0.03340035038999986,1457,[3.0;  5.0];  [0.0;  378761917.75]
2,right,0.041398169789999884,1457,[3.0;  5.0];  [0.0;  378761917.75]
2,left,0.027058070877999857,1457,average
2,right,0.04011484491800002,1457,average
2,left,0.0062130455099998014,560,[5.5;  7.5];  [700000000;  1078761917.5]
2,right,0.01766693579000048,560,[5.5;  7.5];  [700000000;  1078761917.5]
2,left,0.010194047640000007,560,[4.0;  6.0];  [0.0;  378761917.75]
2,right,0.015469029600000113,560,[4.0;  6.0];  [0.0;  378761917.75]
2,left,0.007126765959999375,560,[6.0;  8.0];  [300000000;  678761917.75]
2,right,0.014789440389999981,560,[6.0;  8.0];  [300000000;  678761917.75]
2,left,0.012092275720000316,560,[7.0;  9.0];  [200000000;  578761917.75]
2,right,0.017083382060000075,560,[7.0;  9.0];  [200000000;  578761917.75]
2,left,0.013055916399999888,560,[3.0;  5.0];  [0.0;  378761917.75]
2,right,0.015512398399999938,560,[3.0;  5.0];  [0.0;  378761917.75]
2,left,0.009736410245999878,560,average
2,right,0.016104237248000114,560,average
2,left,0.018756399090000285,1671,[5.5;  7.5];  [700000000;  1078761917.5]
2,right,0.051568268000000896,1671,[5.5;  7.5];  [700000000;  1078761917.5]
2,left,0.030531409830000484,1671,[4.0;  6.0];  [0.0;  378761917.75]
2,right,0.04506266986000014,1671,[4.0;  6.0];  [0.0;  378761917.75]
2,left,0.021633515659999603,1671,[6.0;  8.0];  [300000000;  678761917.75]
2,right,0.04411497849000057,1671,[6.0;  8.0];  [300000000;  678761917.75]
2,left,0.036970397239999786,1671,[7.0;  9.0];  [200000000;  578761917.75]
2,right,0.05187848666999912,1671,[7.0;  9.0];  [200000000;  578761917.75]
2,left,0.03953786502999947,1671,[3.0;  5.0];  [0.0;  378761917.75]
2,right,0.045225913080000735,1671,[3.0;  5.0];  [0.0;  378761917.75]
2,left,0.029485917369999927,1671,average
2,right,0.04757006322000029,1671,average
2,left,0.012580904200000305,1112,[5.5;  7.5];  [700000000;  1078761917.5]
2,right,0.031029338299999834,1112,[5.5;  7.5];  [700000000;  1078761917.5]
2,left,0.02130817642000011,1112,[4.0;  6.0];  [0.0;  378761917.75]
2,right,0.03500052847000006,1112,[4.0;  6.0];  [0.0;  378761917.75]
2,left,0.01631455519000042,1112,[6.0;  8.0];  [300000000;  678761917.75]
2,right,0.033827142659999934,1112,[6.0;  8.0];  [300000000;  678761917.75]
2,left,0.022187139000000116,1112,[7.0;  9.0];  [200000000;  578761917.75]
2,right,0.03361515115999964,1112,[7.0;  9.0];  [200000000;  578761917.75]
2,left,0.025584286729999805,1112,[3.0;  5.0];  [0.0;  378761917.75]
2,right,0.03512350920000017,1112,[3.0;  5.0];  [0.0;  378761917.75]
2,left,0.01959501230800015,1112,average
2,right,0.03371913395799993,1112,average
2,left,0.05102485630000046,4244,[5.5;  7.5];  [700000000;  1078761917.5]
2,right,0.1230516628099997,4244,[5.5;  7.5];  [700000000;  1078761917.5]
2,left,0.08412109032999979,4244,[4.0;  6.0];  [0.0;  378761917.75]
2,right,0.1268000771600009,4244,[4.0;  6.0];  [0.0;  378761917.75]
2,left,0.05760353892000012,4244,[6.0;  8.0];  [300000000;  678761917.75]
2,right,0.12289193648000037,4244,[6.0;  8.0];  [300000000;  678761917.75]
2,left,0.08663114451999945,4244,[7.0;  9.0];  [200000000;  578761917.75]
2,right,0.13027807103999975,4244,[7.0;  9.0];  [200000000;  578761917.75]
2,left,0.09847090537999975,4244,[3.0;  5.0];  [0.0;  378761917.75]
2,right,0.12890586538999968,4244,[3.0;  5.0];  [0.0;  378761917.75]
2,left,0.07557030708999991,4244,average
2,right,0.12638552257600008,4244,average
2,left,0.009816421300000685,729,[5.5;  7.5];  [700000000;  1078761917.5]
2,right,0.019864750279999725,729,[5.5;  7.5];  [700000000;  1078761917.5]
2,left,0.01510867889999986,729,[4.0;  6.0];  [0.0;  378761917.75]
2,right,0.020922562360000257,729,[4.0;  6.0];  [0.0;  378761917.75]
2,left,0.010675271430000067,729,[6.0;  8.0];  [300000000;  678761917.75]
2,right,0.019159233889999995,729,[6.0;  8.0];  [300000000;  678761917.75]
2,left,0.01538260820000005,729,[7.0;  9.0];  [200000000;  578761917.75]
2,right,0.020997006460000876,729,[7.0;  9.0];  [200000000;  578761917.75]
2,left,0.017047581249998986,729,[3.0;  5.0];  [0.0;  378761917.75]
2,right,0.021255006399999273,729,[3.0;  5.0];  [0.0;  378761917.75]
2,left,0.01360611221599993,729,average
2,right,0.020439711878000026,729,average
2,left,0.021022691040000156,1704,[5.5;  7.5];  [700000000;  1078761917.5]
2,right,0.04979284142999973,1704,[5.5;  7.5];  [700000000;  1078761917.5]
2,left,0.03350018230000046,1704,[4.0;  6.0];  [0.0;  378761917.75]
2,right,0.05111242470000093,1704,[4.0;  6.0];  [0.0;  378761917.75]
2,left,0.023255503619999444,1704,[6.0;  8.0];  [300000000;  678761917.75]
2,right,0.05028162101000021,1704,[6.0;  8.0];  [300000000;  678761917.75]
2,left,0.03509726075999993,1704,[7.0;  9.0];  [200000000;  578761917.75]
2,right,0.05344047153000019,1704,[7.0;  9.0];  [200000000;  578761917.75]
2,left,0.03924341443999992,1704,[3.0;  5.0];  [0.0;  378761917.75]
2,right,0.05214604417000032,1704,[3.0;  5.0];  [0.0;  378761917.75]
2,left,0.03042381043199998,1704,average
2,right,0.05135468056800028,1704,average
2,left,0.03419651934000058,2835,[5.5;  7.5];  [700000000;  1078761917.5]
2,right,0.08182011698999986,2835,[5.5;  7.5];  [700000000;  1078761917.5]
2,left,0.055256505370000465,2835,[4.0;  6.0];  [0.0;  378761917.75]
2,right,0.08454551698000046,2835,[4.0;  6.0];  [0.0;  378761917.75]
2,left,0.038318978760000844,2835,[6.0;  8.0];  [300000000;  678761917.75]
2,right,0.08244938144000002,2835,[6.0;  8.0];  [300000000;  678761917.75]
2,left,0.058326308339999286,2835,[7.0;  9.0];  [200000000;  578761917.75]
2,right,0.0875739992299998,2835,[7.0;  9.0];  [200000000;  578761917.75]
2,left,0.06620173631000056,2835,[3.0;  5.0];  [0.0;  378761917.75]
2,right,0.08692739073999974,2835,[3.0;  5.0];  [0.0;  378761917.75]
2,left,0.050460009624000345,2835,average
2,right,0.08466328107599998,2835,average
2,left,0.011472868190001009,875,[5.5;  7.5];  [700000000;  1078761917.5]
2,right,0.022938225179999563,875,[5.5;  7.5];  [700000000;  1078761917.5]
2,left,0.017831718689999432,875,[4.0;  6.0];  [0.0;  378761917.75]
2,right,0.024516296020000255,875,[4.0;  6.0];  [0.0;  378761917.75]
2,left,0.012575747660000615,875,[6.0;  8.0];  [300000000;  678761917.75]
2,right,0.02393693108999969,875,[6.0;  8.0];  [300000000;  678761917.75]
2,left,0.018189114840000683,875,[7.0;  9.0];  [200000000;  578761917.75]
2,right,0.027124842849999595,875,[7.0;  9.0];  [200000000;  578761917.75]
2,left,0.020168598340000017,875,[3.0;  5.0];  [0.0;  378761917.75]
2,right,0.027983224239999344,875,[3.0;  5.0];  [0.0;  378761917.75]
2,left,0.016047609544000353,875,average
2,right,0.02529990387599969,875,average
2,left,0.0170381493900004,1421,[5.5;  7.5];  [700000000;  1078761917.5]
2,right,0.04133665291000057,1421,[5.5;  7.5];  [700000000;  1078761917.5]
2,left,0.027663928780000333,1421,[4.0;  6.0];  [0.0;  378761917.75]
2,right,0.04279527391999977,1421,[4.0;  6.0];  [0.0;  378761917.75]
2,left,0.019050293799999736,1421,[6.0;  8.0];  [300000000;  678761917.75]
2,right,0.041712211750000276,1421,[6.0;  8.0];  [300000000;  678761917.75]
2,left,0.029224069560000315,1421,[7.0;  9.0];  [200000000;  578761917.75]
2,right,0.04474335463999978,1421,[7.0;  9.0];  [200000000;  578761917.75]
2,left,0.03245652458999984,1421,[3.0;  5.0];  [0.0;  378761917.75]
2,right,0.04353678648000028,1421,[3.0;  5.0];  [0.0;  378761917.75]
2,left,0.025086593224000125,1421,average
2,right,0.04282485594000014,1421,average
3,left,0.01915742333,771,[3.0;  4.0];  [0.0;  189380958.88]
3,right,0.023594144760000005,771,[3.0;  4.0];  [0.0;  189380958.88]
3,left,0.013331227720000003,771,[6.5;  7.5];  [600000000;  789380958.88]
3,right,0.023202693750000006,771,[6.5;  7.5];  [600000000;  789380958.88]
3,left,0.011671114930000002,771,[6.0;  7.0];  [0.0;  189380958.88]
3,right,0.024883451190000017,771,[6.0;  7.0];  [0.0;  189380958.88]
3,left,0.017122311220000005,771,[7.0;  8.0];  [200000000;  389380958.88]
3,right,0.02351945780000001,771,[7.0;  8.0];  [200000000;  389380958.88]
3,left,0.018561117980000007,771,[8.0;  9.0];  [0.0;  189380958.88]
3,right,0.02411827632999998,771,[8.0;  9.0];  [0.0;  189380958.88]
3,left,0.015968639036000005,771,average
3,right,0.023863604766000003,771,average
3,left,0.02876948988999999,1216,[3.0;  4.0];  [0.0;  189380958.88]
3,right,0.034965534890000004,1216,[3.0;  4.0];  [0.0;  189380958.88]
3,left,0.021109516409999998,1216,[6.5;  7.5];  [600000000;  789380958.88]
3,right,0.03554461393000004,1216,[6.5;  7.5];  [600000000;  789380958.88]
3,left,0.01714830329999998,1216,[6.0;  7.0];  [0.0;  189380958.88]
3,right,0.037968040240000035,1216,[6.0;  7.0];  [0.0;  189380958.88]
3,left,0.026306605949999947,1216,[7.0;  8.0];  [200000000;  389380958.88]
3,right,0.03510071531000001,1216,[7.0;  8.0];  [200000000;  389380958.88]
3,left,0.02835360307000002,1216,[8.0;  9.0];  [0.0;  189380958.88]
3,right,0.03522923775999999,1216,[8.0;  9.0];  [0.0;  189380958.88]
3,left,0.02433750372399999,1216,average
3,right,0.03576162842600002,1216,average
3,left,0.019091316969999994,775,[3.0;  4.0];  [0.0;  189380958.88]
3,right,0.022312594300000016,775,[3.0;  4.0];  [0.0;  189380958.88]
3,left,0.012653037149999945,775,[6.5;  7.5];  [600000000;  789380958.88]
3,right,0.021981967200000056,775,[6.5;  7.5];  [600000000;  789380958.88]
3,left,0.010486520329999962,775,[6.0;  7.0];  [0.0;  189380958.88]
3,right,0.024982047830000055,775,[6.0;  7.0];  [0.0;  189380958.88]
3,left,0.0177311949300001,775,[7.0;  8.0];  [200000000;  389380958.88]
3,right,0.02202964528999999,775,[7.0;  8.0];  [200000000;  389380958.88]
3,left,0.018371904849999936,775,[8.0;  9.0];  [0.0;  189380958.88]
3,right,0.022052684740000075,775,[8.0;  9.0];  [0.0;  189380958.88]
3,left,0.01566679484599999,775,average
3,right,0.022671787872000037,775,average
3,left,0.013422082459999984,552,[3.0;  4.0];  [0.0;  189380958.88]
3,right,0.016188540720000047,552,[3.0;  4.0];  [0.0;  189380958.88]
3,left,0.009809975699999996,552,[6.5;  7.5];  [600000000;  789380958.88]
3,right,0.016082990539999998,552,[6.5;  7.5];  [600000000;  789380958.88]
3,left,0.007971946589999987,552,[6.0;  7.0];  [0.0;  189380958.88]
3,right,0.01788050853999991,552,[6.0;  7.0];  [0.0;  189380958.88]
3,left,0.011469091179999964,552,[7.0;  8.0];  [200000000;  389380958.88]
3,right,0.01645510680000001,552,[7.0;  8.0];  [200000000;  389380958.88]
3,left,0.013272917689999986,552,[8.0;  9.0];  [0.0;  189380958.88]
3,right,0.016179521769999924,552,[8.0;  9.0];  [0.0;  189380958.88]
3,left,0.011189202723999984,552,average
3,right,0.016557333673999978,552,average
3,left,0.009588538579999977,389,[3.0;  4.0];  [0.0;  189380958.88]
3,right,0.011409245250000026,389,[3.0;  4.0];  [0.0;  189380958.88]
3,left,0.00636277254999996,389,[6.5;  7.5];  [600000000;  789380958.88]
3,right,0.011302038489999973,389,[6.5;  7.5];  [600000000;  789380958.88]
3,left,0.005228665980000074,389,[6.0;  7.0];  [0.0;  189380958.88]
3,right,0.012608651070000008,389,[6.0;  7.0];  [0.0;  189380958.88]
3,left,0.008950236740000008,389,[7.0;  8.0];  [200000000;  389380958.88]
3,right,0.011236809269999952,389,[7.0;  8.0];  [200000000;  389380958.88]
3,left,0.009390589559999966,389,[8.0;  9.0];  [0.0;  189380958.88]
3,right,0.01120050336999995,389,[8.0;  9.0];  [0.0;  189380958.88]
3,left,0.007904160681999997,389,average
3,right,0.011551449489999982,389,average
3,left,0.055226956630000074,2300,[3.0;  4.0];  [0.0;  189380958.88]
3,right,0.07008176756999987,2300,[3.0;  4.0];  [0.0;  189380958.88]
3,left,0.03953522839999991,2300,[6.5;  7.5];  [600000000;  789380958.88]
3,right,0.06971901040000006,2300,[6.5;  7.5];  [600000000;  789380958.88]
3,left,0.034333737199999916,2300,[6.0;  7.0];  [0.0;  189380958.88]
3,right,0.0729012615900001,2300,[6.0;  7.0];  [0.0;  189380958.88]
3,left,0.05062255843000003,2300,[7.0;  8.0];  [200000000;  389380958.88]
3,right,0.06979108286999974,2300,[7.0;  8.0];  [200000000;  389380958.88]
3,left,0.05465897861000002,2300,[8.0;  9.0];  [0.0;  189380958.88]
3,right,0.06971914872000014,2300,[8.0;  9.0];  [0.0;  189380958.88]
3,left,0.04687549185399999,2300,average
3,right,0.07044245422999998,2300,average
3,left,0.01699231239999989,689,[3.0;  4.0];  [0.0;  189380958.88]
3,right,0.02008452678999987,689,[3.0;  4.0];  [0.0;  189380958.88]
3,left,0.012186723430000086,689,[6.5;  7.5];  [600000000;  789380958.88]
3,right,0.02005240127999997,689,[6.5;  7.5];  [600000000;  789380958.88]
3,left,0.01016406926000002,689,[6.0;  7.0];  [0.0;  189380958.88]
3,right,0.022144623750000106,689,[6.0;  7.0];  [0.0;  189380958.88]
3,left,0.014313332959999911,689,[7.0;  8.0];  [200000000;  389380958.88]
3,right,0.020215291469999955,689,[7.0;  8.0];  [200000000;  389380958.88]
3,left,0.016681564270000136,689,[8.0;  9.0];  [0.0;  189380958.88]
3,right,0.020211530990000028,689,[8.0;  9.0];  [0.0;  189380958.88]
3,left,0.014067600464000008,689,average
3,right,0.020541674855999986,689,average
3,left,0.03716237247999999,1535,[3.0;  4.0];  [0.0;  189380958.88]
3,right,0.04664405445,1535,[3.0;  4.0];  [0.0;  189380958.88]
3,left,0.026367668580000156,1535,[6.5;  7.5];  [600000000;  789380958.88]
3,right,0.04648295329999996,1535,[6.5;  7.5];  [600000000;  789380958.88]
3,left,0.023047988790000033,1535,[6.0;  7.0];  [0.0;  189380958.88]
3,right,0.049300969210000004,1535,[6.0;  7.0];  [0.0;  189380958.88]
3,left,0.03425160927000007,1535,[7.0;  8.0];  [200000000;  389380958.88]
3,right,0.047134011370000055,1535,[7.0;  8.0];  [200000000;  389380958.88]
3,left,0.036569671839999957,1535,[8.0;  9.0];  [0.0;  189380958.88]
3,right,0.04650111127999992,1535,[8.0;  9.0];  [0.0;  189380958.88]
3,left,0.03147986219200004,1535,average
3,right,0.047212619921999995,1535,average
3,left,0.02819792828000004,1154,[3.0;  4.0];  [0.0;  189380958.88]
3,right,0.03502896644000003,1154,[3.0;  4.0];  [0.0;  189380958.88]
3,left,0.019672084990000088,1154,[6.5;  7.5];  [600000000;  789380958.88]
3,right,0.034869179309999936,1154,[6.5;  7.5];  [600000000;  789380958.88]
3,left,0.017157110610000074,1154,[6.0;  7.0];  [0.0;  189380958.88]
3,right,0.036972322670000037,1154,[6.0;  7.0];  [0.0;  189380958.88]
3,left,0.025554686090000018,1154,[7.0;  8.0];  [200000000;  389380958.88]
3,right,0.035130203040000085,1154,[7.0;  8.0];  [200000000;  389380958.88]
3,left,0.027701600299999997,1154,[8.0;  9.0];  [0.0;  189380958.88]
3,right,0.03532826993000015,1154,[8.0;  9.0];  [0.0;  189380958.88]
3,left,0.023656682054000046,1154,average
3,right,0.03546578827800005,1154,average
3,left,0.028397201789999826,1162,[3.0;  4.0];  [0.0;  189380958.88]
3,right,0.03346492925000007,1162,[3.0;  4.0];  [0.0;  189380958.88]
3,left,0.01879704121999964,1162,[6.5;  7.5];  [600000000;  789380958.88]
3,right,0.03276541108999993,1162,[6.5;  7.5];  [600000000;  789380958.88]
3,left,0.015562396540000236,1162,[6.0;  7.0];  [0.0;  189380958.88]
3,right,0.03707033538000019,1162,[6.0;  7.0];  [0.0;  189380958.88]
3,left,0.026755152389999922,1162,[7.0;  8.0];  [200000000;  389380958.88]
3,right,0.032875749560000146,1162,[7.0;  8.0];  [200000000;  389380958.88]
3,left,0.02800997532999986,1162,[8.0;  9.0];  [0.0;  189380958.88]
3,right,0.0331970880800003,1162,[8.0;  9.0];  [0.0;  189380958.88]
3,left,0.0235043534539999,1162,average
3,right,0.03387470267200012,1162,average
3,left,0.011448445460000017,468,[3.0;  4.0];  [0.0;  189380958.88]
3,right,0.013638197349999928,468,[3.0;  4.0];  [0.0;  189380958.88]
3,left,0.007582252120000135,468,[6.5;  7.5];  [600000000;  789380958.88]
3,right,0.013399737560000062,468,[6.5;  7.5];  [600000000;  789380958.88]
3,left,0.006260475899999847,468,[6.0;  7.0];  [0.0;  189380958.88]
3,right,0.014996672420000436,468,[6.0;  7.0];  [0.0;  189380958.88]
3,left,0.010809694999999807,468,[7.0;  8.0];  [200000000;  389380958.88]
3,right,0.013361208360000204,468,[7.0;  8.0];  [200000000;  389380958.88]
3,left,0.011215519660000268,468,[8.0;  9.0];  [0.0;  189380958.88]
3,right,0.013473715690000176,468,[8.0;  9.0];  [0.0;  189380958.88]
3,left,0.009463277628000016,468,average
3,right,0.013773906276000161,468,average
3,left,0.022203704380000317,914,[3.0;  4.0];  [0.0;  189380958.88]
3,right,0.026416865329999838,914,[3.0;  4.0];  [0.0;  189380958.88]
3,left,0.01610706117999996,914,[6.5;  7.5];  [600000000;  789380958.88]
3,right,0.026312633059999938,914,[6.5;  7.5];  [600000000;  789380958.88]
3,left,0.013363503510000214,914,[6.0;  7.0];  [0.0;  189380958.88]
3,right,0.029712280230000374,914,[6.0;  7.0];  [0.0;  189380958.88]
3,left,0.01892510652999988,914,[7.0;  8.0];  [200000000;  389380958.88]
3,right,0.026494832909999672,914,[7.0;  8.0];  [200000000;  389380958.88]
3,left,0.021829287319999936,914,[8.0;  9.0];  [0.0;  189380958.88]
3,right,0.026422325440000238,914,[8.0;  9.0];  [0.0;  189380958.88]
3,left,0.01848573258400006,914,average
3,right,0.027071787394000013,914,average
3,left,0.03330400463999979,1371,[3.0;  4.0];  [0.0;  189380958.88]
3,right,0.03958349274999989,1371,[3.0;  4.0];  [0.0;  189380958.88]
3,left,0.024377899660000254,1371,[6.5;  7.5];  [600000000;  789380958.88]
3,right,0.0396120724900004,1371,[6.5;  7.5];  [600000000;  789380958.88]
3,left,0.019987776300000065,1371,[6.0;  7.0];  [0.0;  189380958.88]
3,right,0.04342626645000053,1371,[6.0;  7.0];  [0.0;  189380958.88]
3,left,0.028393678620000175,1371,[7.0;  8.0];  [200000000;  389380958.88]
3,right,0.03967531549,1371,[7.0;  8.0];  [200000000;  389380958.88]
3,left,0.033136698749999596,1371,[8.0;  9.0];  [0.0;  189380958.88]
3,right,0.03965288713999996,1371,[8.0;  9.0];  [0.0;  189380958.88]
3,left,0.02784001159399998,1371,average
3,right,0.040390006864000155,1371,average
3,left,0.022414321179999773,926,[3.0;  4.0];  [0.0;  189380958.88]
3,right,0.02809146540000029,926,[3.0;  4.0];  [0.0;  189380958.88]
3,left,0.01586406096000019,926,[6.5;  7.5];  [600000000;  789380958.88]
3,right,0.027701097049999818,926,[6.5;  7.5];  [600000000;  789380958.88]
3,left,0.013805389609999566,926,[6.0;  7.0];  [0.0;  189380958.88]
3,right,0.029585254049999888,926,[6.0;  7.0];  [0.0;  189380958.88]
3,left,0.020294121649999965,926,[7.0;  8.0];  [200000000;  389380958.88]
3,right,0.027853533640000025,926,[7.0;  8.0];  [200000000;  389380958.88]
3,left,0.02170503725000003,926,[8.0;  9.0];  [0.0;  189380958.88]
3,right,0.027879856490000066,926,[8.0;  9.0];  [0.0;  189380958.88]
3,left,0.018816586129999903,926,average
3,right,0.02822224132600002,926,average
3,left,0.014188739969999914,583,[3.0;  4.0];  [0.0;  189380958.88]
3,right,0.01660778487000016,583,[3.0;  4.0];  [0.0;  189380958.88]
3,left,0.009223993589999964,583,[6.5;  7.5];  [600000000;  789380958.88]
3,right,0.01642052096000043,583,[6.5;  7.5];  [600000000;  789380958.88]
3,left,0.007659591650000266,583,[6.0;  7.0];  [0.0;  189380958.88]
3,right,0.018516733820000013,583,[6.0;  7.0];  [0.0;  189380958.88]
3,left,0.01304591409000011,583,[7.0;  8.0];  [200000000;  389380958.88]
3,right,0.016575575009999854,583,[7.0;  8.0];  [200000000;  389380958.88]
3,left,0.013752941179999994,583,[8.0;  9.0];  [0.0;  189380958.88]
3,right,0.016562330970000403,583,[8.0;  9.0];  [0.0;  189380958.88]
3,left,0.011574236096000048,583,average
3,right,0.01693658912600017,583,average
3,left,0.010966042100000096,458,[3.0;  4.0];  [0.0;  189380958.88]
3,right,0.013451862379999966,458,[3.0;  4.0];  [0.0;  189380958.88]
3,left,0.007988612089999948,458,[6.5;  7.5];  [600000000;  789380958.88]
3,right,0.013206942429999913,458,[6.5;  7.5];  [600000000;  789380958.88]
3,left,0.006610375070000032,458,[6.0;  7.0];  [0.0;  189380958.88]
3,right,0.014440700399999855,458,[6.0;  7.0];  [0.0;  189380958.88]
3,left,0.009329506670000001,458,[7.0;  8.0];  [200000000;  389380958.88]
3,right,0.013247808890000101,458,[7.0;  8.0];  [200000000;  389380958.88]
3,left,0.010842120049999834,458,[8.0;  9.0];  [0.0;  189380958.88]
3,right,0.013183910559999958,458,[8.0;  9.0];  [0.0;  189380958.88]
3,left,0.009147331195999983,458,average
3,right,0.013506244931999959,458,average
3,left,0.03332146979000015,1391,[3.0;  4.0];  [0.0;  189380958.88]
3,right,0.04333611788999974,1391,[3.0;  4.0];  [0.0;  189380958.88]
3,left,0.02386098326000024,1391,[6.5;  7.5];  [600000000;  789380958.88]
3,right,0.04272771346000013,1391,[6.5;  7.5];  [600000000;  789380958.88]
3,left,0.020104690249999634,1391,[6.0;  7.0];  [0.0;  189380958.88]
3,right,0.04460617375000027,1391,[6.0;  7.0];  [0.0;  189380958.88]
3,left,0.030164490899999806,1391,[7.0;  8.0];  [200000000;  389380958.88]
3,right,0.04304650331999994,1391,[7.0;  8.0];  [200000000;  389380958.88]
3,left,0.03324132544999998,1391,[8.0;  9.0];  [0.0;  189380958.88]
3,right,0.04299639372000001,1391,[8.0;  9.0];  [0.0;  189380958.88]
3,left,0.028138591929999963,1391,average
3,right,0.04334258042800002,1391,average
3,left,0.014677530540000134,612,[3.0;  4.0];  [0.0;  189380958.88]
3,right,0.017677630379999983,612,[3.0;  4.0];  [0.0;  189380958.88]
3,left,0.010439248240000438,612,[6.5;  7.5];  [600000000;  789380958.88]
3,right,0.017700839049999785,612,[6.5;  7.5];  [600000000;  789380958.88]
3,left,0.008406453449999844,612,[6.0;  7.0];  [0.0;  189380958.88]
3,right,0.018987953280000056,612,[6.0;  7.0];  [0.0;  189380958.88]
3,left,0.013004702590000078,612,[7.0;  8.0];  [200000000;  389380958.88]
3,right,0.017520246309999835,612,[7.0;  8.0];  [200000000;  389380958.88]
3,left,0.014020586240000056,612,[8.0;  9.0];  [0.0;  189380958.88]
3,right,0.01768521514000042,612,[8.0;  9.0];  [0.0;  189380958.88]
3,left,0.012109704212000109,612,average
3,right,0.017914376832000013,612,average
3,left,0.021532210319999762,914,[3.0;  4.0];  [0.0;  189380958.88]
3,right,0.026443956909999997,914,[3.0;  4.0];  [0.0;  189380958.88]
3,left,0.015566177379999999,914,[6.5;  7.5];  [600000000;  789380958.88]
3,right,0.026622110410000347,914,[6.5;  7.5];  [600000000;  789380958.88]
3,left,0.012575845480000111,914,[6.0;  7.0];  [0.0;  189380958.88]
3,right,0.028282023379999827,914,[6.0;  7.0];  [0.0;  189380958.88]
3,left,0.019475187660000302,914,[7.0;  8.0];  [200000000;  389380958.88]
3,right,0.026095739369999933,914,[7.0;  8.0];  [200000000;  389380958.88]
3,left,0.020950897239999905,914,[8.0;  9.0];  [0.0;  189380958.88]
3,right,0.026076117510000357,914,[8.0;  9.0];  [0.0;  189380958.88]
3,left,0.018020063616000014,914,average
3,right,0.026703989516000094,914,average
3,left,0.04205176688999984,1824,[3.0;  4.0];  [0.0;  189380958.88]
3,right,0.05205646392000005,1824,[3.0;  4.0];  [0.0;  189380958.88]
3,left,0.031050278820000016,1824,[6.5;  7.5];  [600000000;  789380958.88]
3,right,0.05319659886999943,1824,[6.5;  7.5];  [600000000;  789380958.88]
3,left,0.025506567940000197,1824,[6.0;  7.0];  [0.0;  189380958.88]
3,right,0.056602893870000344,1824,[6.0;  7.0];  [0.0;  189380958.88]
3,left,0.03906959590999918,1824,[7.0;  8.0];  [200000000;  389380958.88]
3,right,0.05233790997000028,1824,[7.0;  8.0];  [200000000;  389380958.88]
3,left,0.04230910921000031,1824,[8.0;  9.0];  [0.0;  189380958.88]
3,right,0.052371340370000324,1824,[8.0;  9.0];  [0.0;  189380958.88]
3,left,0.03599746375399991,1824,average
3,right,0.05331304140000008,1824,average
3,left,0.05551809606999995,2308,[3.0;  4.0];  [0.0;  189380958.88]
3,right,0.0710375051799997,2308,[3.0;  4.0];  [0.0;  189380958.88]
3,left,0.03933370990999947,2308,[6.5;  7.5];  [600000000;  789380958.88]
3,right,0.07051456986000063,2308,[6.5;  7.5];  [600000000;  789380958.88]
3,left,0.03333563861000016,2308,[6.0;  7.0];  [0.0;  189380958.88]
3,right,0.07380388419000042,2308,[6.0;  7.0];  [0.0;  189380958.88]
3,left,0.04976135237000108,2308,[7.0;  8.0];  [200000000;  389380958.88]
3,right,0.07136017110000012,2308,[7.0;  8.0];  [200000000;  389380958.88]
3,left,0.05520846149000022,2308,[8.0;  9.0];  [0.0;  189380958.88]
3,right,0.07160618861999979,2308,[8.0;  9.0];  [0.0;  189380958.88]
3,left,0.04663145169000017,2308,average
3,right,0.07166446379000013,2308,average
3,left,0.028621325589999743,1160,[3.0;  4.0];  [0.0;  189380958.88]
3,right,0.036136457269999485,1160,[3.0;  4.0];  [0.0;  189380958.88]
3,left,0.019939254780000512,1160,[6.5;  7.5];  [600000000;  789380958.88]
3,right,0.03660427610000056,1160,[6.5;  7.5];  [600000000;  789380958.88]
3,left,0.01753186281000012,1160,[6.0;  7.0];  [0.0;  189380958.88]
3,right,0.038167788910000125,1160,[6.0;  7.0];  [0.0;  189380958.88]
3,left,0.02566032291000056,1160,[7.0;  8.0];  [200000000;  389380958.88]
3,right,0.03691625858000066,1160,[7.0;  8.0];  [200000000;  389380958.88]
3,left,0.02812626168999941,1160,[8.0;  9.0];  [0.0;  189380958.88]
3,right,0.03755349672999955,1160,[8.0;  9.0];  [0.0;  189380958.88]
3,left,0.023975805556000068,1160,average
3,right,0.03707565551800008,1160,average
3,left,0.08394609378000041,3461,[3.0;  4.0];  [0.0;  189380958.88]
3,right,0.10804875110000012,3461,[3.0;  4.0];  [0.0;  189380958.88]
3,left,0.060263217000000396,3461,[6.5;  7.5];  [600000000;  789380958.88]
3,right,0.10793865890999996,3461,[6.5;  7.5];  [600000000;  789380958.88]
3,left,0.0502919005800004,3461,[6.0;  7.0];  [0.0;  189380958.88]
3,right,0.11227042817999973,3461,[6.0;  7.0];  [0.0;  189380958.88]
3,left,0.07452651097000057,3461,[7.0;  8.0];  [200000000;  389380958.88]
3,right,0.10730266393999954,3461,[7.0;  8.0];  [200000000;  389380958.88]
3,left,0.0835211097399997,3461,[8.0;  9.0];  [0.0;  189380958.88]
3,right,0.10689770699000065,3461,[8.0;  9.0];  [0.0;  189380958.88]
3,left,0.07050976641400031,3461,average
3,right,0.10849164182399999,3461,average
3,left,0.04203490845000033,1736,[3.0;  4.0];  [0.0;  189380958.88]
3,right,0.05466528304999997,1736,[3.0;  4.0];  [0.0;  189380958.88]
3,left,0.03119683089000091,1736,[6.5;  7.5];  [600000000;  789380958.88]
3,right,0.053981311599999346,1736,[6.5;  7.5];  [600000000;  789380958.88]
3,left,0.02531472227999984,1736,[6.0;  7.0];  [0.0;  189380958.88]
3,right,0.056646988109999935,1736,[6.0;  7.0];  [0.0;  189380958.88]
3,left,0.03785705313999983,1736,[7.0;  8.0];  [200000000;  389380958.88]
3,right,0.05477057426999977,1736,[7.0;  8.0];  [200000000;  389380958.88]
3,left,0.0417188381699998,1736,[8.0;  9.0];  [0.0;  189380958.88]
3,right,0.05429747889999931,1736,[8.0;  9.0];  [0.0;  189380958.88]
3,left,0.03562447058600014,1736,average
3,right,0.05487232718599966,1736,average
3,left,0.018116587439999422,731,[3.0;  4.0];  [0.0;  189380958.88]
3,right,0.021440196499999047,731,[3.0;  4.0];  [0.0;  189380958.88]
3,left,0.012505623760000617,731,[6.5;  7.5];  [600000000;  789380958.88]
3,right,0.02143268895999995,731,[6.5;  7.5];  [600000000;  789380958.88]
3,left,0.010207589420000432,731,[6.0;  7.0];  [0.0;  189380958.88]
3,right,0.022923102459999428,731,[6.0;  7.0];  [0.0;  189380958.88]
3,left,0.015704649969999308,731,[7.0;  8.0];  [200000000;  389380958.88]
3,right,0.021297184530000096,731,[7.0;  8.0];  [200000000;  389380958.88]
3,left,0.017095359510000206,731,[8.0;  9.0];  [0.0;  189380958.88]
3,right,0.021218848160000334,731,[8.0;  9.0];  [0.0;  189380958.88]
3,left,0.01472596202,731,average
3,right,0.02166240412199977,731,average
